product_id;size_num;in_stock
1;39 1/3;1
1;40;1
1;40 2/3;1
1;41 1/3;1
1;42;1
1;42 2/3;1
1;43 1/3;1
1;44;1
1;44 2/3;1
1;45 1/3;1
1;46;1
1;46 2/3;0
2;38;0
2;38.5;0
2;39;1
2;40;1
2;40.5;1
2;41;1
2;42;1
2;42.5;1
2;43;1
2;44;1
2;44.5;1
2;45;0
2;45.5;0
2;46;0
2;47;0
3;38;0
3;38.5;0
3;39;0
3;40;0
3;40.5;1
3;41;0
3;42;1
3;42.5;1
3;43;0
3;44;0
3;44.5;0
3;45;0
3;45.5;0
3;46;0
3;47;0
4;36;1
4;36 2/3;1
4;37 1/3;1
4;38;1
4;38 2/3;0
4;39 1/3;1
4;40;1
4;40 2/3;1
4;41 1/3;0
4;42;1
4;42 2/3;1
4;43 1/3;1
4;44;1
4;44 2/3;1
4;45 1/3;1
4;46;1
4;46 2/3;1
4;47 1/3;1
4;48;1
4;48 2/3;1
5;38.5;0
5;39;1
5;40;1
5;40.5;1
5;41;1
5;42;1
5;42.5;1
5;43;1
5;44;1
5;44.5;1
5;45;1
5;45.5;1
5;46;1
5;47;0
6;36;0
6;36.5;0
6;37.5;0
6;38;0
6;38.5;1
6;39;1
6;40;1
6;40.5;1
6;41;1
6;42;1
6;42.5;1
6;43;1
6;44;1
6;44.5;1
6;45;1
6;45.5;0
6;46;0
7;38.5;0
7;39;1
7;40;1
7;40.5;1
7;41;1
7;42;1
7;42.5;1
7;43;1
7;44;1
7;44.5;1
7;45;1
7;45.5;0
7;46;0
8;39 1/3;0
8;40;0
8;40 2/3;1
8;41 1/3;1
8;42;1
8;42 2/3;1
8;43 1/3;1
8;44;1
8;44 2/3;1
8;45 1/3;1
8;46;0
9;39 1/3;0
9;40;0
9;40 2/3;0
9;41 1/3;1
9;42;1
9;42 2/3;1
9;43 1/3;1
9;44;1
9;44 2/3;1
9;45 1/3;1
9;46;1
10;39 1/3;0
10;40;1
10;40 2/3;1
10;41 1/3;1
10;42;1
10;42 2/3;1
10;43 1/3;1
10;44;1
10;44 2/3;1
10;45 1/3;1
10;46;1
10;46 2/3;1
10;47 1/3;1
10;48;1
11;39 1/3;1
11;40;1
11;40 2/3;1
11;41 1/3;1
11;42;1
11;42 2/3;1
11;43 1/3;1
11;44;1
11;44 2/3;1
11;45 1/3;1
11;46;1
11;46 2/3;1
11;47 1/3;1
12;39 1/3;0
12;40;0
12;40 2/3;0
12;41 1/3;1
12;42;1
12;42 2/3;0
12;43 1/3;1
12;44;1
12;44 2/3;1
12;45 1/3;0
12;46;0
13;39 1/3;1
13;40;1
13;40 2/3;1
13;41 1/3;1
13;42;1
13;42 2/3;1
13;43 1/3;1
13;44;1
13;44 2/3;1
13;45 1/3;1
13;46;1
13;46 2/3;1
13;47 1/3;1
13;48;1
13;48 2/3;1
14;39 1/3;0
14;40;0
14;40 2/3;1
14;41 1/3;1
14;42;1
14;42 2/3;1
14;43 1/3;1
14;44;1
14;44 2/3;1
14;45 1/3;1
14;46;0
15;39 1/3;1
15;40;1
15;40 2/3;1
15;41 1/3;1
15;42;1
15;42 2/3;1
15;43 1/3;1
15;44;1
15;44 2/3;1
15;45 1/3;1
15;46;1
15;46 2/3;1
16;39;1
16;40;1
16;40.5;1
16;41;1
16;42;1
16;42.5;1
16;43;1
16;44;1
16;44.5;1
16;45;1
16;45.5;1
16;46;1
17;39 1/3;1
17;40;1
17;40 2/3;1
17;41 1/3;1
17;42;1
17;42 2/3;1
17;43 1/3;1
17;44;1
17;44 2/3;1
17;45 1/3;1
17;46;1
17;46 2/3;1
17;47 1/3;0
18;39 1/3;1
18;40;1
18;40 2/3;1
18;41 1/3;1
18;42;1
18;42 2/3;1
18;43 1/3;1
18;44;1
18;44 2/3;1
18;45 1/3;1
18;46;1
18;46 2/3;0
19;39 1/3;1
19;40;1
19;40 2/3;1
19;41 1/3;1
19;42;1
19;42 2/3;1
19;43 1/3;1
19;44;1
19;44 2/3;1
19;45 1/3;1
19;46;1
19;46 2/3;1
20;39 1/3;1
20;40;1
20;40 2/3;1
20;41 1/3;1
20;42;1
20;42 2/3;1
20;43 1/3;1
20;44;1
20;44 2/3;1
20;45 1/3;1
20;46;1
20;46 2/3;0
21;39 1/3;1
21;40;1
21;40 2/3;1
21;41 1/3;1
21;42;1
21;42 2/3;1
21;43 1/3;1
21;44;1
21;44 2/3;1
21;45 1/3;1
21;46;1
21;46 2/3;1
22;39 1/3;1
22;40;1
22;40 2/3;1
22;41 1/3;1
22;42;1
22;42 2/3;1
22;43 1/3;1
22;44;1
22;44 2/3;1
22;45 1/3;1
22;46;1
22;46 2/3;1
22;47 1/3;0
23;39 1/3;1
23;40;1
23;40 2/3;1
23;41 1/3;1
23;42;1
23;42 2/3;1
23;43 1/3;1
23;44;1
23;44 2/3;1
23;45 1/3;1
23;46;1
23;46 2/3;1
24;39 1/3;1
24;40;1
24;40 2/3;1
24;41 1/3;1
24;42;1
24;42 2/3;1
24;43 1/3;1
24;44;1
24;44 2/3;1
24;45 1/3;1
24;46;1
24;46 2/3;1
25;39 1/3;1
25;40;1
25;40 2/3;1
25;41 1/3;1
25;42;1
25;42 2/3;1
25;43 1/3;1
25;44;1
25;44 2/3;1
25;45 1/3;1
25;46;1
26;39 1/3;1
26;40;1
26;40 2/3;1
26;41 1/3;1
26;42;1
26;42 2/3;1
26;43 1/3;1
26;44;1
26;44 2/3;1
26;45 1/3;1
26;46;1
27;39 1/3;1
27;40;1
27;40 2/3;1
27;41 1/3;0
27;42;1
27;42 2/3;0
27;43 1/3;0
27;44;1
27;44 2/3;1
27;45 1/3;1
27;46;1
28;38 2/3;1
28;39 1/3;1
28;40;1
28;40 2/3;1
28;41 1/3;1
28;42;1
28;42 2/3;1
28;43 1/3;1
28;44;1
28;44 2/3;1
28;45 1/3;1
28;46;1
28;46 2/3;1
29;39 1/3;1
29;40;1
29;40 2/3;1
29;41 1/3;1
29;42;1
29;42 2/3;1
29;43 1/3;1
29;44;1
29;44 2/3;1
29;45 1/3;1
29;46;1
29;46 2/3;1
30;39 1/3;1
30;40;1
30;40 2/3;1
30;41 1/3;1
30;42;1
30;42 2/3;1
30;43 1/3;1
30;44;1
30;44 2/3;1
30;45 1/3;1
30;46;1
31;39 1/3;1
31;40;1
31;40 2/3;1
31;41 1/3;1
31;42;1
31;42 2/3;1
31;43 1/3;1
31;44;1
31;44 2/3;1
31;45 1/3;1
31;46;1
32;39 1/3;1
32;40;1
32;40 2/3;1
32;41 1/3;1
32;42;1
32;42 2/3;1
32;43 1/3;1
32;44;1
32;44 2/3;1
32;45 1/3;1
32;46;1
32;46 2/3;1
32;47 1/3;0
33;39 1/3;1
33;40;1
33;40 2/3;1
33;41 1/3;1
33;42;1
33;42 2/3;1
33;43 1/3;1
33;44;1
33;44 2/3;1
33;45 1/3;1
33;46;1
34;39 1/3;1
34;40;1
34;40 2/3;1
34;41 1/3;1
34;42;1
34;42 2/3;1
34;43 1/3;1
34;44;1
34;44 2/3;1
34;45 1/3;1
34;46;1
35;39 1/3;1
35;40;1
35;40 2/3;1
35;41 1/3;1
35;42;1
35;42 2/3;1
35;43 1/3;1
35;44;1
35;44 2/3;1
35;45 1/3;1
35;46;1
35;46 2/3;0
36;39;1
36;40;1
36;40.5;1
36;41;1
36;42;1
36;42.5;1
36;43;1
36;44;1
36;44.5;1
36;45;1
36;45.5;1
36;46;1
37;39;1
37;40;1
37;40.5;1
37;41;1
37;42;0
37;42.5;1
37;43;0
37;44;0
37;44.5;1
37;45;0
37;45.5;1
37;46;0
38;39;1
38;40;1
38;40.5;1
38;41;1
38;42;1
38;42.5;1
38;43;1
38;44;1
38;44.5;1
38;45;1
38;45.5;1
38;46;1
39;39;1
39;40;1
39;40.5;1
39;41;1
39;42;1
39;42.5;1
39;43;1
39;44;1
39;44.5;1
39;45;1
39;45.5;1
39;46;1
39;47;0
40;39;0
40;40;1
40;40.5;0
40;41;1
40;42;1
40;42.5;1
40;43;1
40;44;1
40;44.5;1
40;45;1
40;45.5;1
40;46;1
41;40;0
41;40.5;0
41;41;1
41;42;1
41;42.5;1
41;43;1
41;44;1
41;44.5;1
41;45;1
41;45.5;0
41;46;0
42;40;1
42;40.5;1
42;41;1
42;42;1
42;42.5;1
42;43;1
42;44;1
42;44.5;1
42;45;0
42;45.5;0
42;46;1
43;39;1
43;40;1
43;40.5;1
43;41;1
43;42;1
43;42.5;1
43;43;1
43;44;1
43;44.5;1
43;45;1
43;45.5;1
43;46;1
44;39;1
44;40;1
44;40.5;1
44;41;1
44;42;1
44;42.5;1
44;43;1
44;44;1
44;44.5;1
44;45;1
44;45.5;1
44;46;1
45;39;1
45;40;1
45;40.5;1
45;41;1
45;42;1
45;42.5;1
45;43;1
45;44;1
45;44.5;0
45;45;1
45;45.5;1
45;46;1
46;40;1
46;40.5;1
46;41;1
46;42;1
46;42.5;1
46;43;1
46;44;1
46;44.5;1
46;45;1
46;45.5;1
46;46;1
47;39;1
47;40;1
47;40.5;1
47;41;1
47;42;1
47;42.5;1
47;43;1
47;44;1
47;44.5;1
47;45;1
47;45.5;1
47;46;1
48;39;1
48;40;1
48;40.5;1
48;41;1
48;42;1
48;42.5;1
48;43;1
48;44;1
48;44.5;1
48;45;1
48;45.5;1
48;46;1
49;39;1
49;40;1
49;40.5;1
49;41;1
49;42;1
49;42.5;1
49;43;1
49;44;1
49;44.5;1
49;45;1
49;45.5;0
49;46;1
50;39;0
50;40;1
50;40.5;0
50;41;0
50;42;0
50;42.5;0
50;43;0
50;44;0
50;44.5;1
50;45;1
50;45.5;1
50;46;1
51;39;1
51;40;1
51;40.5;1
51;41;1
51;42;1
51;42.5;1
51;43;1
51;44;1
51;44.5;1
51;45;1
51;46;1
51;46.5;1
52;39;1
52;40;1
52;40.5;1
52;41;1
52;42;1
52;42.5;1
52;43;1
52;44;1
52;44.5;1
52;45;1
52;46;1
53;39;1
53;40;1
53;40.5;1
53;41;1
53;42;1
53;42.5;1
53;43;1
53;44;1
53;44.5;1
53;45;1
53;46;1
53;46.5;1
54;39;1
54;40;1
54;40.5;1
54;41;1
54;42;1
54;42.5;1
54;43;1
54;44;1
54;44.5;1
54;45;1
54;46;1
55;39;1
55;40;1
55;40.5;1
55;41;1
55;42;1
55;42.5;1
55;43;1
55;44;1
55;44.5;1
55;45;1
55;46;1
56;39;1
56;40;1
56;40.5;1
56;41;1
56;42;1
56;42.5;1
56;43;1
56;44;1
56;44.5;1
56;45;1
56;46;1
57;39;1
57;40;1
57;40.5;1
57;41;1
57;42;1
57;42.5;1
57;43;1
57;44;1
57;44.5;1
57;45;1
57;46;1
58;39;1
58;40;1
58;40.5;1
58;41;1
58;42;1
58;42.5;1
58;43;1
58;44;1
58;44.5;1
58;45;1
58;46;1
59;40;1
59;40.5;1
59;41.5;1
59;42;1
59;42.5;1
59;43;1
59;44;1
59;44.5;1
59;45;1
59;45.5;1
60;40.5;1
60;41.5;1
60;42;1
60;42.5;1
60;43;1
60;44;1
60;44.5;1
60;45;1
61;40.5;1
61;41.5;1
61;42;1
61;42.5;1
61;43;1
61;44;1
61;44.5;1
61;45;1
61;45.5;1
62;40.5;1
62;41.5;1
62;42;1
62;42.5;1
62;43;1
62;44;1
62;44.5;1
62;45;1
62;45.5;1
63;39.5;0
63;40;1
63;40.5;1
63;41.5;1
63;42;1
63;42.5;1
63;43;1
63;44;1
63;44.5;1
63;45;1
63;45.5;1
64;39.5;1
64;40;1
64;40.5;1
64;41.5;1
64;42;1
64;42.5;1
64;43;1
64;44;1
64;44.5;1
64;45;1
64;45.5;1
65;39 1/3;1
65;40;1
65;40 2/3;1
65;41 1/3;1
65;42;1
65;42 2/3;1
65;43 1/3;1
65;44;1
65;44 2/3;1
65;45 1/3;0
65;46;0
66;39 1/3;1
66;40;1
66;40 2/3;1
66;41 1/3;1
66;42;1
66;42 2/3;1
66;43 1/3;1
66;44;1
66;44 2/3;1
66;45 1/3;1
66;46;1
66;46 2/3;1
67;39 1/3;1
67;40;1
67;40 2/3;1
67;41 1/3;1
67;42;1
67;42 2/3;1
67;43 1/3;1
67;44;1
67;44 2/3;1
67;45 1/3;1
67;46;1
67;46 2/3;1
67;47 1/3;1
67;48;1
68;39 1/3;1
68;40;1
68;40 2/3;1
68;41 1/3;1
68;42;1
68;42 2/3;1
68;43 1/3;1
68;44;1
68;44 2/3;1
68;45 1/3;1
68;46;1
68;46 2/3;1
69;39 1/3;1
69;40;1
69;40 2/3;1
69;41 1/3;1
69;42;1
69;42 2/3;1
69;43 1/3;1
69;44;1
69;44 2/3;1
69;45 1/3;1
69;46;1
69;46 2/3;1
70;39 1/3;0
70;40;1
70;40 2/3;1
70;41 1/3;1
70;42;1
70;42 2/3;1
70;43 1/3;1
70;44;1
70;44 2/3;1
70;45 1/3;1
70;46;1
70;46 2/3;1
71;39 1/3;1
71;40;1
71;40 2/3;1
71;41 1/3;1
71;42;1
71;42 2/3;1
71;43 1/3;1
71;44;1
71;44 2/3;1
71;45 1/3;1
71;46;1
72;39 1/3;1
72;40;1
72;40 2/3;1
72;41 1/3;1
72;42;1
72;42 2/3;1
72;43 1/3;1
72;44;1
72;44 2/3;1
72;45 1/3;1
72;46;1
72;46 2/3;1
72;47 1/3;0
73;39 1/3;1
73;40;1
73;40 2/3;1
73;41 1/3;1
73;42;1
73;42 2/3;1
73;43 1/3;1
73;44;1
73;44 2/3;1
73;45 1/3;0
73;46;1
73;46 2/3;0
73;47 1/3;0
74;39 1/3;1
74;40;1
74;40 2/3;1
74;41 1/3;1
74;42;1
74;42 2/3;1
74;43 1/3;1
74;44;1
74;44 2/3;1
74;45 1/3;1
74;46;1
74;46 2/3;1
74;48;1
75;39 1/3;0
75;40;1
75;40 2/3;0
75;41 1/3;0
75;42;0
75;42 2/3;1
75;43 1/3;0
75;44;1
75;44 2/3;0
75;45 1/3;0
75;46;1
76;39;0
76;40;0
76;40.5;1
76;41;1
76;42;1
76;42.5;0
76;43;0
76;44;1
76;44.5;1
76;45;1
76;45.5;1
76;46;1
77;39;0
77;40;0
77;40.5;1
77;41;0
77;42;0
77;42.5;0
77;43;0
77;44;0
77;44.5;0
77;45;0
77;45.5;0
77;46;0
78;36;0
78;36 2/3;0
78;39 1/3;1
78;40;1
78;40 2/3;1
78;41 1/3;1
78;42;1
78;42 2/3;1
78;43 1/3;1
78;44;1
78;44 2/3;1
78;45 1/3;1
78;46;1
78;46 2/3;0
79;39 1/3;1
79;40;1
79;40 2/3;1
79;41 1/3;1
79;42;1
79;42 2/3;1
79;43 1/3;1
79;44;1
79;44 2/3;1
79;45 1/3;1
79;46;1
79;46 2/3;1
80;38.5;1
80;39;1
80;40;1
80;40.5;1
80;41;0
80;42;0
80;42.5;1
80;43;0
80;44;0
80;44.5;1
80;45;0
80;45.5;0
80;46;0
80;47;0
81;39;1
81;40;1
81;40.5;1
81;41;1
81;42;1
81;42.5;1
81;43;0
81;44;0
81;44.5;1
81;45;0
81;45.5;1
81;46;0
82;38.5;0
82;39;1
82;40;1
82;40.5;0
82;41;0
82;42;0
82;42.5;0
82;43;0
82;44;0
82;44.5;0
82;45;0
82;45.5;0
82;46;0
83;39;1
83;40;1
83;40.5;1
83;41;1
83;42;1
83;42.5;1
83;43;1
83;44;1
83;44.5;1
83;45;1
83;45.5;1
83;46;1
84;38.5;1
84;39;1
84;40;1
84;40.5;1
84;41;0
84;42;0
84;42.5;0
84;43;1
84;44;0
84;44.5;0
84;45;0
84;45.5;1
84;46;1
85;38.5;0
85;39;1
85;40;1
85;40.5;1
85;41;1
85;42;1
85;42.5;1
85;43;1
85;44;1
85;44.5;1
85;45;1
85;45.5;1
85;46;1
85;47;0
86;39;1
86;40;1
86;40.5;1
86;41;1
86;42;1
86;42.5;1
86;43;1
86;44;1
86;44.5;1
86;45;0
86;45.5;0
86;46;0
87;39;1
87;40;1
87;40.5;1
87;41;1
87;42;1
87;42.5;1
87;43;1
87;44;1
87;44.5;1
87;45;1
87;45.5;1
87;46;1
88;39;0
88;40;1
88;40.5;1
88;41;1
88;42;0
88;42.5;0
88;43;0
88;44;0
88;44.5;0
88;45;0
88;45.5;0
88;46;0
89;39;1
89;40;1
89;40.5;1
89;41;1
89;42;1
89;42.5;1
89;43;1
89;44;1
89;44.5;1
89;45;1
89;45.5;1
89;46;1
90;39;1
90;40;1
90;40.5;1
90;41;1
90;42;1
90;42.5;1
90;43;1
90;44;0
90;44.5;1
90;45;0
90;45.5;0
90;46;0
91;39;1
91;40;1
91;40.5;0
91;41;0
91;42;0
91;42.5;1
91;43;0
91;44;0
91;44.5;0
91;45;1
91;45.5;1
91;46;0
92;39;1
92;40;1
92;40.5;1
92;41;1
92;42;1
92;42.5;1
92;43;1
92;44;1
92;44.5;1
92;45;1
92;45.5;1
92;46;1
93;39;1
93;40;1
93;40.5;1
93;41;1
93;42;1
93;42.5;1
93;43;1
93;44;1
93;44.5;1
93;45;1
93;45.5;1
93;46;1
93;47;0
94;39;1
94;40;1
94;40.5;1
94;41;1
94;42;1
94;42.5;0
94;43;0
94;44;0
94;44.5;0
94;45;1
94;45.5;1
94;46;1
94;47;0
95;39;1
95;40;1
95;40.5;1
95;41;1
95;42;1
95;42.5;1
95;43;1
95;44;1
95;44.5;1
95;45;1
95;45.5;0
95;46;1
96;39;1
96;40;1
96;40.5;1
96;41;1
96;42;1
96;42.5;1
96;43;1
96;44;1
96;44.5;1
96;45;1
96;45.5;0
96;46;1
97;39;1
97;40;1
97;40.5;1
97;41;1
97;42;1
97;42.5;1
97;43;1
97;44;1
97;44.5;1
97;45;1
97;46;1
98;38;1
98;38.5;0
98;39;1
98;40;1
98;40.5;1
98;41;1
98;42;1
98;42.5;1
98;43;1
98;44;1
98;44.5;1
98;45;0
98;46;1
98;46.5;0
98;47;0
99;35.5;0
99;36;0
99;37;0
99;37.5;0
99;38;0
99;38.5;0
99;39;1
99;40;1
99;40.5;1
99;41;1
99;42;1
99;42.5;1
99;43;1
99;44;1
99;44.5;1
99;45;1
99;46;1
99;46.5;0
99;47;0
99;48.5;0
100;38;1
100;38.5;1
100;39;1
100;40;1
100;40.5;1
100;41;1
100;42;1
100;42.5;1
100;43;1
100;44;1
100;44.5;1
100;45;1
100;46;1
100;46.5;1
100;47;1
101;38.5;1
101;39;1
101;40;1
101;40.5;1
101;41;1
101;42;1
101;42.5;1
101;43;1
101;44;1
101;44.5;0
101;45;1
101;46;1
101;46.5;1
102;35.5;0
102;36;0
102;37;0
102;37.5;0
102;38;0
102;38.5;0
102;39;1
102;40;1
102;40.5;1
102;41;1
102;42;1
102;42.5;1
102;43;1
102;44;1
102;44.5;1
102;45;1
102;46;1
102;46.5;1
102;47;0
102;48.5;0
103;35.5;0
103;36;0
103;37;0
103;37.5;0
103;38;0
103;38.5;0
103;39;1
103;40;1
103;40.5;1
103;41;1
103;42;1
103;42.5;1
103;43;1
103;44;1
103;44.5;1
103;45;1
103;46;1
103;46.5;1
103;47;0
103;48.5;0
104;35.5;0
104;36;0
104;37;0
104;37.5;0
104;38;0
104;38.5;1
104;39;1
104;40;1
104;40.5;1
104;41;1
104;42;1
104;42.5;1
104;43;1
104;44;1
104;44.5;1
104;45;1
104;46;1
104;46.5;1
104;47;1
104;48.5;1
105;39;0
105;40;1
105;40.5;0
105;41;1
105;42;0
105;42.5;1
105;43;0
105;44;0
105;44.5;0
105;45;0
105;46;0
105;46.5;0
105;47;0
105;48.5;0
106;35.5;0
106;36;0
106;37;0
106;37.5;0
106;38;0
106;38.5;0
106;39;1
106;40;1
106;40.5;1
106;41;1
106;42;1
106;42.5;1
106;43;1
106;44;1
106;44.5;1
106;45;1
106;46;1
106;46.5;0
106;47;0
106;48.5;0
107;39;1
107;40;1
107;40.5;0
107;41;1
107;42;1
107;42.5;1
107;43;1
107;44;1
107;44.5;1
107;45;1
107;46;1
107;46.5;0
107;47;0
107;48.5;0
108;35.5;0
108;36;0
108;37;0
108;37.5;0
108;38;0
108;38.5;1
108;39;1
108;40;1
108;40.5;1
108;41;1
108;42;1
108;42.5;1
108;43;1
108;44;1
108;44.5;1
108;45;1
108;46;1
108;46.5;0
108;47;0
108;48.5;0
109;39;1
109;40;1
109;40.5;1
109;41;1
109;42;1
109;42.5;1
109;43;1
109;44;1
109;44.5;1
109;45;1
109;46;1
109;46.5;0
109;47;0
110;35.5;0
110;36;0
110;37;0
110;37.5;0
110;38;0
110;38.5;0
110;39;1
110;40;1
110;40.5;1
110;41;1
110;42;1
110;42.5;1
110;43;1
110;44;1
110;44.5;1
110;45;1
110;46;1
110;46.5;1
110;47;0
110;48.5;0
111;40.5;1
111;41.5;0
111;42;0
111;42.5;1
111;43;0
111;44;0
111;44.5;1
111;45;0
111;45.5;0
111;46.5;1
112;40;1
112;40.5;0
112;41;1
112;42;1
112;42.5;1
112;43;0
112;44;1
112;44.5;1
112;45;1
112;46;1
113;39;1
113;40;1
113;40.5;1
113;41;0
113;42;0
113;42.5;1
113;43;1
113;44;1
113;44.5;1
113;45;1
113;46;1
114;39;0
114;40;0
114;40.5;0
114;41;0
114;42;0
114;42.5;1
114;43;0
114;44;0
114;44.5;0
114;45;0
114;46;0
115;40;1
115;40.5;1
115;41;1
115;42;1
115;42.5;1
115;43;1
115;44;1
115;44.5;1
115;45;1
115;46;1
116;39;1
116;40;1
116;40.5;1
116;41;0
116;42;1
116;42.5;1
116;43;1
116;44;1
116;44.5;1
116;45;1
116;46;1
116;47;1
117;39;1
117;40;1
117;40.5;1
117;41;1
117;42;0
117;42.5;1
117;43;1
117;44;1
117;44.5;1
117;45;1
117;46;1
118;40;1
118;40.5;1
118;41;1
118;42;1
118;42.5;1
118;43;1
118;44;1
118;44.5;1
118;45;1
118;46;1
119;40;1
119;40.5;1
119;41;1
119;42;0
119;42.5;0
119;43;1
119;44;1
119;44.5;1
119;45;0
119;46;1
120;39;1
120;40;1
120;40.5;0
120;41;0
120;42;1
120;42.5;1
120;43;1
120;44;1
120;44.5;1
120;45;1
120;46;1
121;39 1/3;1
121;40;1
121;40 2/3;1
121;41 1/3;1
121;42;1
121;42 2/3;0
121;43 1/3;0
121;44;0
121;44 2/3;1
121;45 1/3;1
121;46;1
121;46 2/3;1
121;47 1/3;1
121;48;1
121;48 2/3;1
122;39 1/3;1
122;40;1
122;40 2/3;1
122;41 1/3;1
122;42;1
122;42 2/3;1
122;43 1/3;1
122;44;1
122;44 2/3;1
122;45 1/3;1
122;46;1
122;46 2/3;1
123;39 1/3;0
123;40;1
123;40 2/3;1
123;41 1/3;1
123;42;1
123;42 2/3;1
123;43 1/3;1
123;44;0
123;44 2/3;1
123;45 1/3;1
123;46;1
124;39 1/3;1
124;40 2/3;1
124;41 1/3;0
124;42;0
124;42 2/3;1
124;43 1/3;0
124;44;0
124;44 2/3;0
124;45 1/3;0
124;46;0
124;47 1/3;1
124;48;0
125;39 1/3;1
125;40;1
125;40 2/3;1
125;41 1/3;1
125;42;1
125;42 2/3;1
125;43 1/3;1
125;44;1
125;44 2/3;1
125;45 1/3;1
125;46;1
126;39 1/3;0
126;40;1
126;40 2/3;1
126;41 1/3;1
126;42;1
126;42 2/3;1
126;43 1/3;1
126;44;1
126;44 2/3;1
126;45 1/3;1
126;46;0
126;46 2/3;0
127;39 1/3;1
127;40;1
127;40 2/3;1
127;41 1/3;1
127;42;1
127;42 2/3;1
127;43 1/3;1
127;44;1
127;44 2/3;1
127;45 1/3;1
127;46;1
127;46 2/3;1
127;47 1/3;1
128;38 2/3;0
128;39 1/3;0
128;40;0
128;40 2/3;0
128;41 1/3;0
128;42;0
128;42 2/3;0
128;43 1/3;0
128;44;0
128;44 2/3;0
128;45 1/3;0
128;46;1
128;46 2/3;0
129;39 1/3;1
129;40;1
129;40 2/3;1
129;41 1/3;1
129;42;0
129;42 2/3;0
129;43 1/3;0
129;44;0
129;44 2/3;0
129;45 1/3;0
129;46;1
129;46 2/3;1
130;39 1/3;1
130;40;1
130;40 2/3;1
130;41 1/3;0
130;42;1
130;42 2/3;0
130;43 1/3;0
130;44;0
130;44 2/3;0
130;45 1/3;0
130;46;1
130;46 2/3;0
131;38;0
131;38 2/3;0
131;39 1/3;1
131;40;1
131;40 2/3;1
131;41 1/3;1
131;42;1
131;42 2/3;1
131;43 1/3;1
131;44;1
131;44 2/3;1
131;45 1/3;1
131;46;1
131;46 2/3;1
131;47 1/3;0
132;39 1/3;1
132;40;1
132;40 2/3;1
132;41 1/3;1
132;42;1
132;42 2/3;1
132;43 1/3;1
132;44;1
132;44 2/3;1
132;45 1/3;1
132;46;1
132;46 2/3;0
133;39 1/3;1
133;40;1
133;40 2/3;1
133;41 1/3;1
133;42;1
133;42 2/3;1
133;43 1/3;1
133;44;1
133;44 2/3;1
133;45 1/3;1
133;46;1
133;46 2/3;0
133;47 1/3;1
133;48;1
134;39 1/3;1
134;40;1
134;40 2/3;1
134;41 1/3;1
134;42;1
134;42 2/3;1
134;43 1/3;1
134;44;1
134;44 2/3;1
134;45 1/3;1
134;46;1
134;46 2/3;1
134;47 1/3;0
135;39 1/3;1
135;40;1
135;40 2/3;1
135;41 1/3;1
135;42;1
135;42 2/3;1
135;43 1/3;1
135;44;1
135;44 2/3;1
135;45 1/3;1
135;46;1
135;46 2/3;0
136;39 1/3;1
136;40;0
136;40 2/3;1
136;41 1/3;1
136;42;1
136;42 2/3;1
136;43 1/3;1
136;44;1
136;44 2/3;1
136;45 1/3;0
136;46;1
137;39 1/3;0
137;40;1
137;40 2/3;0
137;41 1/3;1
137;42;1
137;42 2/3;1
137;43 1/3;0
137;44;0
137;44 2/3;0
137;45 1/3;0
137;46;1
138;38 2/3;0
138;39 1/3;1
138;40;1
138;40 2/3;1
138;41 1/3;1
138;42;1
138;42 2/3;1
138;43 1/3;1
138;44;1
138;44 2/3;1
138;45 1/3;1
138;46;1
138;46 2/3;1
139;36;0
139;36 2/3;0
139;37 1/3;0
139;38;0
139;38 2/3;0
139;39 1/3;1
139;40;1
139;40 2/3;1
139;41 1/3;1
139;42;1
139;42 2/3;1
139;43 1/3;1
139;44;1
139;44 2/3;1
139;45 1/3;1
139;46;1
139;46 2/3;1
139;47 1/3;1
139;48;0
139;48 2/3;0
139;49 1/3;1
139;50;1
139;50 2/3;0
139;51 1/3;0
140;36.5;0
140;38.5;0
140;39;1
140;40;0
140;40.5;0
140;41;0
140;42;0
140;42.5;0
140;43;0
140;44;0
140;44.5;0
140;45;0
140;45.5;0
140;46;0
141;39 1/3;0
141;40;0
141;40 2/3;0
141;41 1/3;1
141;42;0
141;42 2/3;0
141;43 1/3;0
141;44;0
141;44 2/3;0
141;45 1/3;0
141;46;0
142;39 1/3;1
142;40;1
142;40 2/3;1
142;41 1/3;1
142;42;1
142;42 2/3;1
142;43 1/3;1
142;44;1
142;44 2/3;1
142;45 1/3;0
142;46;1
142;46 2/3;0
143;39 1/3;1
143;40;1
143;40 2/3;1
143;41 1/3;1
143;42;1
143;42 2/3;1
143;43 1/3;1
143;44;0
143;44 2/3;0
143;45 1/3;0
143;46;1
144;39 1/3;0
144;40;0
144;40 2/3;0
144;41 1/3;1
144;42;0
144;42 2/3;0
144;43 1/3;0
144;44;0
144;44 2/3;0
144;45 1/3;0
145;39 1/3;1
145;40;1
145;40 2/3;1
145;41 1/3;1
145;42;1
145;42 2/3;1
145;43 1/3;1
145;44;1
145;44 2/3;0
145;45 1/3;1
145;46;0
146;39 1/3;1
146;40;1
146;40 2/3;1
146;41 1/3;1
146;42;0
146;42 2/3;0
146;43 1/3;0
146;44;0
146;44 2/3;0
146;45 1/3;1
146;46;1
146;46 2/3;1
147;39 1/3;1
147;40;1
147;40 2/3;1
147;41 1/3;0
147;42;0
147;42 2/3;0
147;43 1/3;0
147;44;0
147;44 2/3;0
147;45 1/3;1
147;46;1
147;46 2/3;0
148;39 1/3;1
148;40;0
148;40 2/3;1
148;41 1/3;0
148;42;0
148;42 2/3;0
148;43 1/3;0
148;44;0
148;44 2/3;0
148;45 1/3;0
148;46;0
149;39 1/3;1
149;40;1
149;40 2/3;1
149;41 1/3;1
149;42;1
149;42 2/3;1
149;43 1/3;1
149;44;1
149;44 2/3;1
149;45 1/3;1
149;46;1
149;46 2/3;0
150;39 1/3;1
150;40;1
150;40 2/3;1
150;41 1/3;1
150;42;1
150;42 2/3;1
150;43 1/3;1
150;44;1
150;44 2/3;1
150;45 1/3;1
150;46;0
150;46 2/3;0
151;36.5;0
151;39;1
151;40;1
151;40.5;1
151;41;1
151;42;1
151;42.5;1
151;43;1
151;44;0
151;44.5;0
151;45;0
151;45.5;0
151;46;0
151;47;0
152;37.5;0
152;39;1
152;40;1
152;40.5;1
152;41;1
152;42;1
152;42.5;1
152;43;0
152;44;1
152;44.5;1
152;45;1
152;45.5;1
152;46;1
153;38.5;0
153;39;1
153;40;1
153;40.5;1
153;41;1
153;42;1
153;42.5;1
153;43;1
153;44;1
153;44.5;1
153;45;1
153;45.5;1
153;46;0
153;47;0
154;38.5;0
154;39;0
154;40;1
154;40.5;1
154;41;1
154;42;1
154;42.5;1
154;43;1
154;44;1
154;44.5;1
154;45;1
154;45.5;1
154;46;0
155;39;0
155;40;1
155;40.5;1
155;41;0
155;42;0
155;42.5;0
155;43;0
155;44;0
155;44.5;0
155;45;0
155;45.5;0
155;46;0
156;39;1
156;40;1
156;40.5;1
156;41;1
156;42;1
156;42.5;1
156;43;0
156;44;0
156;44.5;0
156;45;0
156;45.5;0
156;46;0
157;38.5;0
157;39;0
157;40;1
157;40.5;1
157;41;1
157;42;1
157;42.5;1
157;43;1
157;44;0
157;44.5;1
157;45;0
157;45.5;0
157;46;0
158;39;1
158;40;1
158;40.5;0
158;41;1
158;42;1
158;42.5;1
158;43;1
158;44;0
158;44.5;0
158;45;0
158;45.5;0
158;46;0
159;39;1
159;40;1
159;40.5;1
159;41;1
159;42;1
159;42.5;1
159;43;1
159;44;1
159;44.5;1
159;45;1
159;45.5;0
159;46;0
159;47;0
160;38.5;1
160;39;1
160;40;1
160;40.5;1
160;41;1
160;42;1
160;42.5;1
160;43;1
160;44;0
160;44.5;0
160;45;0
160;45.5;0
160;46;0
160;47;0
161;39;0
161;40;1
161;40.5;1
161;41;1
161;42;0
161;42.5;0
161;43;0
161;44;0
161;44.5;0
161;45;0
161;45.5;0
161;46;0
162;39 1/3;0
162;40;1
162;40 2/3;1
162;41 1/3;0
162;42;1
162;42 2/3;0
162;43 1/3;0
162;44;0
162;44 2/3;0
162;45 1/3;0
162;46;0
162;46 2/3;0
163;39 1/3;0
163;40;1
163;40 2/3;1
163;41 1/3;0
163;42;0
163;42 2/3;0
163;43 1/3;0
163;44;0
163;44 2/3;1
163;45 1/3;1
163;46;0
164;39 1/3;1
164;40;1
164;40 2/3;1
164;41 1/3;1
164;42;0
164;42 2/3;0
164;43 1/3;1
164;44;0
164;44 2/3;0
164;45 1/3;0
164;46;1
164;46 2/3;1
165;39 1/3;1
165;40;1
165;40 2/3;1
165;41 1/3;1
165;42;1
165;42 2/3;1
165;43 1/3;0
165;44;0
165;44 2/3;0
165;45 1/3;0
165;46;0
166;39 1/3;1
166;40;1
166;40 2/3;1
166;41 1/3;1
166;42;1
166;42 2/3;1
166;43 1/3;1
166;44;1
166;44 2/3;1
166;45 1/3;1
166;46;1
166;46 2/3;0
166;47 1/3;0
167;39 1/3;1
167;40;1
167;40 2/3;1
167;41 1/3;0
167;42;1
167;42 2/3;1
167;43 1/3;0
167;44;1
167;44 2/3;1
167;45 1/3;0
167;46;1
167;46 2/3;0
168;39;1
168;40;1
168;40.5;1
168;41;1
168;42;1
168;42.5;1
168;43;1
168;44;1
168;44.5;1
168;45;1
168;45.5;0
168;46;0
168;47;0
169;39;1
169;40;1
169;40.5;1
169;41;1
169;42;1
169;42.5;1
169;43;0
169;44;0
169;44.5;0
169;45;0
169;45.5;0
169;46;0
170;39;1
170;40;1
170;40.5;1
170;41;1
170;42;1
170;42.5;1
170;43;1
170;44;0
170;44.5;1
170;45;1
170;45.5;0
170;46;1
171;39;1
171;40;1
171;40.5;1
171;41;1
171;42;1
171;42.5;1
171;43;1
171;44;1
171;44.5;1
171;45;0
171;45.5;1
171;46;1
172;39;0
172;40;1
172;40.5;1
172;41;1
172;42;1
172;42.5;1
172;43;0
172;44;0
172;44.5;0
172;45;0
172;45.5;0
172;46;1
173;37.5;0
173;38;0
173;38.5;1
173;39;1
173;40;1
173;40.5;1
173;41;1
173;42;0
173;42.5;0
173;43;0
173;44;0
173;44.5;0
173;45;0
173;45.5;1
173;46;1
174;39;1
174;40;1
174;40.5;1
174;41;1
174;42;1
174;42.5;1
174;43;1
174;44;0
174;44.5;0
174;45;1
174;45.5;0
174;46;0
175;39;1
175;40;1
175;40.5;1
175;41;1
175;42;1
175;42.5;1
175;43;1
175;44;1
175;44.5;1
175;45;1
175;45.5;1
175;46;0
176;38.5;0
176;39;1
176;40;1
176;40.5;1
176;41;1
176;42;1
176;42.5;1
176;43;0
176;44;0
176;44.5;0
176;45;0
176;45.5;0
176;46;0
177;39;1
177;40;1
177;40.5;1
177;41;1
177;42;1
177;42.5;1
177;43;1
177;44;1
177;44.5;1
177;45;1
177;45.5;0
177;46;0
178;39;1
178;40;1
178;40.5;1
178;41;1
178;42;1
178;42.5;1
178;43;1
178;44;1
178;44.5;1
178;45;0
178;45.5;0
178;46;0
179;39;1
179;40;1
179;40.5;0
179;41;1
179;42;0
179;42.5;0
179;43;0
179;44;0
179;44.5;0
179;45;0
179;45.5;0
179;46;0
180;39 1/3;1
180;40;0
180;40 2/3;0
180;41 1/3;0
180;42;0
180;42 2/3;0
180;43 1/3;0
180;44;0
180;44 2/3;0
180;45 1/3;0
180;46;0
181;39 1/3;1
181;40;1
181;40 2/3;1
181;41 1/3;1
181;42;1
181;42 2/3;1
181;43 1/3;1
181;44;0
181;44 2/3;0
181;45 1/3;0
181;46;0
182;39 1/3;1
182;40;1
182;40 2/3;1
182;41 1/3;1
182;42;1
182;42 2/3;1
182;43 1/3;1
182;44;0
182;44 2/3;0
182;45 1/3;0
182;46;0
183;39 1/3;1
183;40;1
183;40 2/3;1
183;41 1/3;1
183;42;1
183;42 2/3;0
183;43 1/3;0
183;44;0
183;44 2/3;0
183;45 1/3;0
183;46;0
183;46 2/3;0
184;39 1/3;1
184;40;1
184;40 2/3;1
184;41 1/3;1
184;42;1
184;42 2/3;1
184;43 1/3;0
184;44;0
184;44 2/3;0
184;45 1/3;0
184;46;0
184;46 2/3;0
185;39 1/3;0
185;40;1
185;40 2/3;1
185;41 1/3;1
185;42;1
185;42 2/3;0
185;43 1/3;0
185;44;0
185;44 2/3;0
185;45 1/3;0
185;46;0
186;35.5;0
186;36;0
186;37;0
186;37.5;0
186;38;0
186;38.5;0
186;39;0
186;40;0
186;40.5;0
186;41;1
186;42;1
186;42.5;1
186;43;1
186;44;0
186;44.5;1
186;45;1
186;46;0
186;46.5;0
186;47;0
186;48.5;0
187;35.5;0
187;36;0
187;37;0
187;37.5;0
187;38;0
187;38.5;0
187;39;1
187;40;0
187;40.5;0
187;41;1
187;42;1
187;42.5;1
187;43;0
187;44;0
187;44.5;1
187;45;0
187;46;0
187;46.5;0
187;47;0
187;48.5;0
188;35.5;0
188;36;0
188;37;0
188;37.5;0
188;38;0
188;38.5;0
188;39;1
188;40;1
188;40.5;1
188;41;1
188;42;1
188;42.5;1
188;43;1
188;44;1
188;44.5;1
188;45;1
188;46;1
188;46.5;0
188;47;0
188;48.5;0
189;35.5;0
189;36;0
189;37;0
189;37.5;0
189;38;0
189;38.5;0
189;39;0
189;40;0
189;40.5;1
189;41;1
189;42;0
189;42.5;0
189;43;0
189;44;0
189;44.5;1
189;45;1
189;46;0
189;46.5;0
189;47;0
189;48.5;0
190;35.5;0
190;36;0
190;37;0
190;37.5;0
190;38;0
190;38.5;0
190;39;0
190;40;1
190;40.5;1
190;41;1
190;42;1
190;42.5;1
190;43;1
190;44;0
190;44.5;1
190;45;1
190;46;1
190;46.5;1
190;47;0
190;48.5;0
191;35.5;0
191;36;0
191;37;0
191;37.5;0
191;38;0
191;38.5;0
191;39;1
191;40;1
191;40.5;1
191;41;1
191;42;1
191;42.5;1
191;43;1
191;44;1
191;44.5;1
191;45;1
191;46;1
191;46.5;0
191;47;0
191;48.5;0
192;35.5;0
192;36;0
192;37;0
192;37.5;0
192;38;0
192;38.5;0
192;39;1
192;40;1
192;40.5;1
192;41;1
192;42;1
192;42.5;1
192;43;1
192;44;1
192;44.5;1
192;45;1
192;46;1
192;46.5;0
192;47;0
192;48.5;0
193;35.5;0
193;36;0
193;37;0
193;37.5;0
193;38;0
193;38.5;0
193;39;1
193;40;1
193;40.5;1
193;41;1
193;42;1
193;42.5;1
193;43;1
193;44;1
193;44.5;1
193;45;1
193;46;1
193;46.5;0
193;47;0
193;48.5;0
194;35.5;0
194;36;0
194;37;0
194;37.5;0
194;38;0
194;38.5;0
194;39;1
194;40;1
194;40.5;1
194;41;1
194;42;1
194;42.5;1
194;43;1
194;44;1
194;44.5;1
194;45;1
194;46;1
194;46.5;1
194;47;0
194;48.5;0
195;39;0
195;40;1
195;40.5;1
195;41;1
195;42;1
195;42.5;0
195;43;1
195;44;1
195;44.5;1
195;45;1
195;46;1
195;46.5;0
195;47;0
195;48.5;0
196;35.5;0
196;36;0
196;37;0
196;37.5;0
196;38;0
196;38.5;0
196;39;1
196;40;1
196;40.5;1
196;41;1
196;42;1
196;42.5;1
196;43;1
196;44;1
196;44.5;1
196;45;1
196;46;1
196;46.5;1
196;47;0
196;48.5;0
197;39;1
197;40;1
197;40.5;1
197;41;1
197;42;1
197;42.5;1
197;43;1
197;44;1
197;44.5;1
197;45;0
197;46;1
197;46.5;0
197;47;0
198;35.5;0
198;36;0
198;37;0
198;37.5;0
198;38;0
198;38.5;1
198;39;1
198;40;1
198;40.5;1
198;41;1
198;42;1
198;42.5;1
198;43;1
198;44;1
198;44.5;1
198;45;1
198;46;1
198;46.5;1
198;47;0
198;48.5;0
199;35.5;0
199;36;0
199;37;0
199;37.5;0
199;38;0
199;38.5;0
199;39;0
199;40;1
199;40.5;1
199;41;1
199;42;1
199;42.5;0
199;43;0
199;44;0
199;44.5;1
199;45;1
199;46;1
199;46.5;1
199;47;0
199;48.5;0
200;35.5;0
200;36;0
200;37;0
200;37.5;0
200;38;0
200;38.5;0
200;39;1
200;40;1
200;40.5;1
200;41;1
200;42;1
200;42.5;1
200;43;1
200;44;0
200;44.5;1
200;45;0
200;46;0
200;46.5;0
200;47;0
200;48.5;0
201;35.5;0
201;36;0
201;37;0
201;37.5;0
201;38;0
201;38.5;0
201;39;1
201;40;1
201;40.5;1
201;41;0
201;42;1
201;42.5;1
201;43;1
201;44;1
201;44.5;1
201;45;1
201;46;1
201;46.5;0
201;47;0
201;48.5;0
202;35.5;0
202;36;0
202;37;0
202;37.5;0
202;38;0
202;38.5;0
202;39;1
202;40;1
202;40.5;1
202;41;1
202;42;1
202;42.5;1
202;43;1
202;44;1
202;44.5;1
202;45;1
202;46;1
202;46.5;0
202;47;0
202;48.5;0
203;35.5;0
203;36;0
203;37;0
203;37.5;0
203;38;0
203;38.5;0
203;39;1
203;40;1
203;40.5;1
203;41;1
203;42;1
203;42.5;1
203;43;1
203;44;1
203;44.5;1
203;45;1
203;46;1
203;46.5;0
203;47;0
203;48.5;0
204;35.5;0
204;36;0
204;37;0
204;37.5;0
204;38;0
204;38.5;0
204;39;1
204;40;1
204;40.5;1
204;41;1
204;42;1
204;42.5;1
204;43;1
204;44;1
204;44.5;1
204;45;1
204;46;1
204;46.5;0
204;47;0
204;48.5;0
205;35.5;0
205;36;0
205;37;0
205;37.5;0
205;38;0
205;38.5;0
205;39;1
205;40;1
205;40.5;1
205;41;1
205;42;1
205;42.5;1
205;43;1
205;44;1
205;44.5;1
205;45;1
205;46;1
205;46.5;1
205;47;1
205;48.5;0
206;35.5;0
206;36;0
206;37;0
206;37.5;0
206;38;0
206;38.5;0
206;39;1
206;40;1
206;40.5;1
206;41;1
206;42;1
206;42.5;1
206;43;1
206;44;1
206;44.5;1
206;45;1
206;46;1
206;46.5;0
206;47;0
206;48.5;0
207;35.5;0
207;36;0
207;37;0
207;37.5;0
207;38;0
207;38.5;0
207;39;1
207;40;1
207;40.5;1
207;41;1
207;42;1
207;42.5;1
207;43;1
207;44;1
207;44.5;1
207;45;1
207;46;1
207;46.5;0
207;47;0
207;48.5;0
208;39;1
208;40;1
208;40.5;1
208;41;1
208;42;1
208;42.5;1
208;43;1
208;44;1
208;44.5;1
208;45;0
208;46;0
208;46.5;0
208;47;0
209;39.5;1
209;40;1
209;40.5;1
209;41.5;1
209;42;1
209;42.5;1
209;43;1
209;44;1
209;44.5;1
209;45;1
209;45.5;1
209;46.5;0
210;39.5;1
210;40;1
210;40.5;1
210;41.5;1
210;42;1
210;42.5;1
210;43;1
210;44;1
210;44.5;1
210;45;1
210;45.5;1
210;46.5;0
211;39.5;1
211;40;1
211;40.5;1
211;41.5;1
211;42;1
211;42.5;1
211;43;1
211;44;1
211;44.5;1
211;45;1
211;45.5;1
211;46.5;0
212;39.5;1
212;40;1
212;40.5;0
212;41.5;1
212;42;1
212;42.5;1
212;43;1
212;44;1
212;44.5;0
212;45;0
212;45.5;1
213;39.5;1
213;40;1
213;40.5;1
213;41.5;1
213;42;1
213;42.5;1
213;43;1
213;44;1
213;44.5;1
213;45;0
213;45.5;1
213;46.5;1
214;39.5;1
214;40;1
214;40.5;1
214;41.5;1
214;42;1
214;42.5;1
214;43;1
214;44;1
214;44.5;1
214;45;1
214;45.5;1
214;46.5;1
215;39.5;1
215;40;1
215;40.5;1
215;41.5;1
215;42;1
215;42.5;1
215;43;1
215;44;1
215;44.5;1
215;45;1
215;45.5;1
215;46.5;1
216;39.5;0
216;40;1
216;40.5;0
216;41.5;0
216;42;0
216;42.5;0
216;43;0
216;44;0
216;44.5;0
216;45;0
216;45.5;0
217;39.5;1
217;40;1
217;40.5;1
217;41.5;1
217;42;1
217;42.5;1
217;43;1
217;44;1
217;44.5;1
217;45;1
217;45.5;1
217;46.5;0
218;39.5;1
218;40;1
218;40.5;1
218;41.5;1
218;42;1
218;42.5;1
218;43;1
218;44;1
218;44.5;1
218;45;1
218;45.5;1
218;46.5;0
219;40;1
219;40.5;1
219;41.5;1
219;42;1
219;42.5;1
219;43;1
219;44;1
219;44.5;1
219;45;1
219;45.5;1
219;46.5;0
220;39.5;0
220;40;0
220;40.5;0
220;41.5;1
220;42;0
220;42.5;0
220;43;0
220;44;1
220;44.5;0
220;45;0
220;45.5;0
221;39.5;1
221;40;0
221;40.5;0
221;41.5;0
221;42;0
221;42.5;0
221;43;0
221;44;0
221;44.5;0
221;45;0
221;45.5;0
222;40;1
222;40.5;1
222;41;1
222;42;1
222;42.5;1
222;43;1
222;44;1
222;44.5;0
222;45;1
222;46;1
223;39;0
223;40;0
223;40.5;1
223;41;0
223;42;0
223;42.5;1
223;43;0
223;44;1
223;44.5;1
223;45;1
223;46;1
224;39;1
224;40;1
224;40.5;1
224;41;1
224;42;1
224;42.5;0
224;43;1
224;44;1
224;44.5;1
224;45;0
224;46;1
225;39;1
225;40;1
225;40.5;1
225;41;1
225;42;1
225;42.5;1
225;43;1
225;44;1
225;44.5;1
225;45;1
225;46;1
226;39;1
226;40;1
226;40.5;1
226;41;1
226;42;1
226;42.5;1
226;43;1
226;44;1
226;44.5;1
226;45;1
226;46;1
226;47;0
227;40;1
227;40.5;1
227;41;1
227;42;1
227;42.5;1
227;43;1
227;44;0
227;44.5;1
227;45;1
227;46;0
227;47;0
228;40;1
228;40.5;1
228;41;1
228;42;1
228;42.5;1
228;43;1
228;44;1
228;44.5;1
228;45;1
228;46;0
228;47;0
229;39;1
229;40;1
229;40.5;1
229;41;1
229;42;1
229;42.5;1
229;43;1
229;44;1
229;44.5;1
229;45;1
229;46;1
229;47;1
230;39;1
230;40;0
230;40.5;1
230;41;0
230;42;0
230;42.5;1
230;43;0
230;44;1
230;44.5;1
230;45;1
230;46;1
230;47;1
231;39;1
231;40.5;1
231;41;1
231;42;1
231;42.5;1
231;43;1
231;44;1
231;44.5;1
231;45;0
231;46;0
232;39;1
232;40;0
232;40.5;0
232;41;0
232;42;0
232;42.5;0
232;43;0
232;44;0
232;44.5;0
232;45;1
232;46;0
232;47;1
233;40;1
233;40.5;1
233;41;0
233;42;1
233;42.5;1
233;43;0
233;44;1
233;44.5;0
233;45;0
233;46;0
233;47;1
234;40;1
234;40.5;1
234;41;0
234;42;0
234;42.5;0
234;43;1
234;44;1
234;44.5;0
234;45;1
235;39;1
235;40;0
235;40.5;1
235;41;0
235;42;1
235;42.5;0
235;43;1
235;44;1
235;44.5;1
235;45;1
235;46;1
235;47;1
236;39 1/3;0
236;40;1
236;40 2/3;1
236;41 1/3;1
236;42;1
236;42 2/3;0
236;43 1/3;0
236;44;0
236;44 2/3;0
236;45 1/3;0
236;46;0
236;46 2/3;0
237;39 1/3;0
237;40;0
237;40 2/3;1
237;41 1/3;1
237;42;0
237;42 2/3;0
237;43 1/3;0
237;44;0
237;44 2/3;0
237;45 1/3;0
237;46;0
237;46 2/3;0
238;39 1/3;0
238;40;1
238;40 2/3;1
238;41 1/3;1
238;42;1
238;42 2/3;0
238;43 1/3;0
238;44;1
238;44 2/3;1
238;45 1/3;0
238;46;0
239;39 1/3;1
239;40;1
239;40 2/3;1
239;41 1/3;1
239;42;1
239;42 2/3;1
239;43 1/3;1
239;44;0
239;44 2/3;1
239;45 1/3;1
239;46;1
239;46 2/3;0
239;47 1/3;1
239;48;1
239;48 2/3;1
240;39 1/3;1
240;40;1
240;40 2/3;1
240;41 1/3;1
240;42;1
240;42 2/3;1
240;43 1/3;1
240;44;1
240;44 2/3;1
240;45 1/3;0
240;46;0
240;46 2/3;1
240;47 1/3;1
241;39 1/3;1
241;40;0
241;40 2/3;1
241;41 1/3;1
241;42;1
241;42 2/3;1
241;43 1/3;1
241;44;0
241;44 2/3;0
241;45 1/3;1
241;46;1
242;39 1/3;1
242;40;1
242;40 2/3;1
242;41 1/3;1
242;42;1
242;42 2/3;1
242;43 1/3;1
242;44;1
242;44 2/3;1
242;45 1/3;1
242;46;0
242;46 2/3;0
243;39 1/3;1
243;40;1
243;40 2/3;1
243;41 1/3;1
243;42;1
243;42 2/3;1
243;43 1/3;1
243;44;1
243;44 2/3;1
243;45 1/3;1
243;46;1
243;46 2/3;0
243;47 1/3;0
243;48;1
243;48 2/3;1
244;39 1/3;1
244;40;1
244;40 2/3;1
244;41 1/3;1
244;42;1
244;42 2/3;1
244;43 1/3;1
244;44;0
244;44 2/3;0
244;45 1/3;0
244;46;1
245;39 1/3;1
245;40;1
245;40 2/3;1
245;41 1/3;1
245;42;1
245;42 2/3;1
245;43 1/3;1
245;44;1
245;44 2/3;1
245;45 1/3;1
245;46;1
245;47 1/3;0
246;39 1/3;1
246;40;1
246;40 2/3;1
246;41 1/3;1
246;42;1
246;42 2/3;1
246;43 1/3;1
246;44;1
246;44 2/3;1
246;45 1/3;1
246;46;1
246;46 2/3;0
246;47 1/3;0
247;39 1/3;1
247;40;1
247;40 2/3;1
247;41 1/3;1
247;42;0
247;42 2/3;1
247;43 1/3;0
247;44;0
247;44 2/3;1
247;45 1/3;1
247;46;1
248;39 1/3;0
248;40;0
248;40 2/3;1
248;41 1/3;1
248;42;0
248;42 2/3;0
248;43 1/3;0
248;44;0
248;44 2/3;0
248;45 1/3;1
248;46;0
249;39 1/3;1
249;40;1
249;40 2/3;1
249;41 1/3;1
249;42;1
249;42 2/3;1
249;43 1/3;0
249;44;1
249;44 2/3;1
249;45 1/3;1
249;46;1
249;46 2/3;1
249;47 1/3;0
250;39 1/3;1
250;40;1
250;40 2/3;1
250;41 1/3;1
250;42;0
250;42 2/3;0
250;43 1/3;0
250;44;0
250;44 2/3;0
250;45 1/3;0
250;46;1
250;46 2/3;1
251;36 2/3;1
251;37 1/3;1
251;39 1/3;1
251;40;1
251;40 2/3;1
251;41 1/3;1
251;42;1
251;42 2/3;1
251;43 1/3;1
251;44;1
251;44 2/3;0
251;45 1/3;1
251;46;1
251;46 2/3;0
251;47 1/3;1
251;48;1
251;48 2/3;1
252;39 1/3;1
252;40;1
252;40 2/3;1
252;41 1/3;1
252;42;0
252;42 2/3;1
252;43 1/3;0
252;44;1
252;44 2/3;1
252;45 1/3;1
252;46;1
253;39 1/3;1
253;40;1
253;40 2/3;1
253;41 1/3;1
253;42;1
253;42 2/3;1
253;43 1/3;0
253;44;0
253;44 2/3;0
253;45 1/3;0
253;46;1
253;46 2/3;0
253;47 1/3;1
254;39 1/3;0
254;40;1
254;40 2/3;0
254;41 1/3;0
254;42;0
254;42 2/3;0
254;43 1/3;0
254;44;0
254;44 2/3;0
254;45 1/3;0
254;46;0
255;39 1/3;1
255;40;1
255;40 2/3;1
255;41 1/3;1
255;42;1
255;42 2/3;1
255;43 1/3;0
255;44;0
255;44 2/3;0
255;45 1/3;0
255;46;0
255;46 2/3;0
255;47 1/3;0
255;48;1
255;48 2/3;1
256;39 1/3;1
256;40;1
256;40 2/3;1
256;41 1/3;1
256;42;1
256;42 2/3;1
256;43 1/3;1
256;44;1
256;44 2/3;1
256;45 1/3;1
256;46;1
256;46 2/3;0
256;47 1/3;0
257;39 1/3;1
257;40;1
257;40 2/3;1
257;41 1/3;1
257;42;1
257;42 2/3;1
257;43 1/3;1
257;44;1
257;44 2/3;0
257;45 1/3;1
257;46;1
257;46 2/3;0
258;39;0
258;40;0
258;40.5;1
258;41;0
258;42;0
258;42.5;0
258;43;0
258;44;0
258;44.5;0
258;45;0
258;45.5;0
258;46;0
258;47;0
259;39 1/3;1
259;40;1
259;40 2/3;1
259;41 1/3;1
259;42;0
259;42 2/3;1
259;43 1/3;1
259;44;1
259;44 2/3;1
259;45 1/3;1
259;46;1
259;46 2/3;1
259;47 1/3;0
259;48;0
260;39 1/3;0
260;40;0
260;40 2/3;0
260;41 1/3;0
260;42;0
260;42 2/3;0
260;43 1/3;0
260;44;0
260;44 2/3;0
260;45 1/3;0
260;46;0
260;46 2/3;0
260;47 1/3;0
260;48;1
260;48 2/3;1
261;39 1/3;1
261;40;1
261;40 2/3;1
261;41 1/3;1
261;42;1
261;42 2/3;0
261;43 1/3;0
261;44;0
261;44 2/3;0
261;45 1/3;0
261;46;0
261;46 2/3;0
262;39 1/3;1
262;40;1
262;40 2/3;1
262;41 1/3;1
262;42;1
262;42 2/3;0
262;43 1/3;0
262;44;0
262;44 2/3;0
262;45 1/3;0
262;46;0
262;46 2/3;0
263;39 1/3;1
263;40;1
263;40 2/3;1
263;41 1/3;1
263;42;1
263;42 2/3;0
263;43 1/3;0
263;44;0
263;44 2/3;0
263;45 1/3;0
263;46;0
263;46 2/3;0
263;47 1/3;0
263;48;0
264;39 1/3;1
264;40;1
264;40 2/3;1
264;41 1/3;1
264;42;1
264;42 2/3;1
264;43 1/3;0
264;44;0
264;44 2/3;0
264;45 1/3;0
264;46;0
264;46 2/3;0
264;47 1/3;0
264;48;0
265;39 1/3;0
265;40;1
265;40 2/3;1
265;41 1/3;0
265;42;1
265;42 2/3;0
265;43 1/3;0
265;44;0
265;44 2/3;0
265;45 1/3;0
265;46;1
266;39 1/3;1
266;40;1
266;40 2/3;1
266;41 1/3;0
266;42;0
266;42 2/3;1
266;43 1/3;0
266;44;0
266;44 2/3;0
266;45 1/3;0
266;46;1
266;46 2/3;0
266;47 1/3;0
266;48;0
267;39 1/3;1
267;40;1
267;40 2/3;1
267;41 1/3;0
267;42;0
267;42 2/3;0
267;43 1/3;0
267;44;0
267;44 2/3;0
267;45 1/3;0
267;46;0
268;39 1/3;1
268;40;1
268;40 2/3;1
268;41 1/3;0
268;42;0
268;42 2/3;0
268;43 1/3;0
268;44;0
268;44 2/3;0
268;45 1/3;0
268;46;1
268;46 2/3;0
269;39 1/3;0
269;40;1
269;40 2/3;0
269;41 1/3;0
269;42;0
269;42 2/3;0
269;43 1/3;0
269;44;0
269;44 2/3;0
269;45 1/3;0
269;46;0
269;46 2/3;0
270;39 1/3;0
270;40;0
270;40 2/3;0
270;41 1/3;0
270;42;0
270;42 2/3;0
270;43 1/3;1
270;44;0
270;44 2/3;0
270;45 1/3;0
270;46;0
271;39 1/3;1
271;40;1
271;40 2/3;1
271;41 1/3;1
271;42;1
271;42 2/3;1
271;43 1/3;0
271;44;0
271;44 2/3;0
271;45 1/3;0
271;46;1
272;39 1/3;1
272;40;1
272;40 2/3;0
272;41 1/3;1
272;42;0
272;42 2/3;0
272;43 1/3;0
272;44;0
272;44 2/3;0
272;45 1/3;0
272;46;0
273;39 1/3;1
273;40;1
273;40 2/3;0
273;41 1/3;0
273;42;0
273;42 2/3;0
273;43 1/3;0
273;44;0
273;44 2/3;0
273;45 1/3;0
273;46;0
273;46 2/3;0
273;47 1/3;0
274;39 1/3;1
274;40;1
274;40 2/3;0
274;41 1/3;0
274;42;0
274;42 2/3;0
274;43 1/3;0
274;44;0
274;44 2/3;0
274;45 1/3;0
274;46;0
275;35.5;0
275;36;0
275;37;0
275;37.5;0
275;38;0
275;38.5;0
275;39;1
275;40;1
275;40.5;1
275;41;1
275;42;1
275;42.5;1
275;43;1
275;44;1
275;44.5;1
275;45;1
275;46;1
275;46.5;0
275;47;0
275;48.5;0
276;35.5;0
276;36;0
276;37;0
276;37.5;0
276;38;0
276;38.5;0
276;39;1
276;40;1
276;40.5;1
276;41;1
276;42;1
276;42.5;1
276;43;0
276;44;0
276;44.5;1
276;45;0
276;46;0
276;46.5;0
276;47;0
276;48.5;0
277;35.5;0
277;36;0
277;37;0
277;37.5;0
277;38;0
277;38.5;0
277;39;0
277;40;0
277;40.5;1
277;41;1
277;42;1
277;42.5;0
277;43;0
277;44;0
277;44.5;0
277;45;0
277;46;0
277;46.5;0
277;47;0
277;48.5;0
278;35.5;0
278;36;0
278;37;0
278;37.5;0
278;38;0
278;38.5;0
278;39;1
278;40;1
278;40.5;1
278;41;1
278;42;1
278;42.5;1
278;43;0
278;44;0
278;44.5;0
278;45;1
278;46;0
278;46.5;0
278;47;0
278;48.5;0
279;35.5;0
279;36;0
279;37;0
279;37.5;0
279;38;0
279;38.5;0
279;39;1
279;40;1
279;40.5;1
279;41;1
279;42;1
279;42.5;1
279;43;0
279;44;1
279;44.5;1
279;45;1
279;46;1
279;46.5;0
279;47;0
279;48.5;0
280;39;0
280;40;0
280;40.5;1
280;41;1
280;42;1
280;42.5;1
280;43;0
280;44;1
280;44.5;1
280;45;1
280;46;1
280;46.5;1
280;47;0
280;48.5;0
281;39;1
281;40;1
281;40.5;1
281;41;1
281;42;1
281;42.5;1
281;43;1
281;44;1
281;44.5;1
281;45;1
281;46;0
281;46.5;0
281;47;0
282;35.5;0
282;36;0
282;37;0
282;37.5;0
282;38;0
282;38.5;0
282;39;1
282;40;1
282;40.5;1
282;41;1
282;42;1
282;42.5;1
282;43;1
282;44;1
282;44.5;1
282;45;1
282;46;1
282;46.5;0
282;47;0
282;48.5;0
283;40;1
283;40.5;1
283;41.5;1
283;42;1
283;42.5;1
283;43;1
283;44;1
283;44.5;1
283;45;1
283;45.5;1
284;40;1
284;40.5;1
284;41.5;1
284;42;1
284;42.5;1
284;43;1
284;44;1
284;44.5;1
284;45;1
284;45.5;1
285;40;1
285;40.5;1
285;41.5;1
285;42;1
285;42.5;1
285;43;1
285;44;1
285;44.5;1
285;45;1
285;45.5;1
286;41.5;1
286;42;0
286;42.5;1
286;43;0
286;44;0
286;44.5;0
286;45;1
286;45.5;0
287;41.5;1
287;42;1
287;42.5;1
287;43;1
287;44;0
287;44.5;1
287;45;1
287;45.5;1
288;40.5;0
288;41.5;1
288;42;0
288;42.5;0
288;43;0
288;44;0
288;44.5;0
288;45;0
288;45.5;0
289;39;1
289;40;0
289;40.5;0
289;41;0
289;42;0
289;42.5;0
289;43;0
289;44;0
289;44.5;1
289;45;1
289;46;0
290;39 1/3;0
290;40;0
290;40 2/3;0
290;41 1/3;0
290;42;0
290;42 2/3;0
290;43 1/3;1
290;44;0
290;44 2/3;0
290;45 1/3;0
290;46;0
291;39 1/3;0
291;40;1
291;40 2/3;0
291;41 1/3;1
291;42;0
291;42 2/3;0
291;43 1/3;0
291;44;0
291;44 2/3;0
291;45 1/3;0
291;46;0
291;46 2/3;0
291;47 1/3;0
292;39;0
292;40;0
292;40.5;1
292;41;0
292;42;0
292;42.5;0
292;43;0
292;44;0
292;44.5;0
292;45;0
292;45.5;0
292;46;0
293;39;1
293;40;1
293;40.5;1
293;41;0
293;42;0
293;42.5;0
293;43;0
293;44;0
293;44.5;0
293;45;0
293;45.5;0
293;46;0
294;39;1
294;40;1
294;40.5;1
294;41;1
294;42;1
294;42.5;1
294;43;0
294;44;0
294;44.5;0
294;45;0
294;45.5;0
294;46;0
295;38.5;0
295;39;1
295;40;1
295;40.5;1
295;41;0
295;42;1
295;42.5;1
295;43;0
295;44;0
295;44.5;0
295;45;0
295;45.5;0
295;46;0
296;38;0
296;38.5;1
296;39;0
296;40;1
296;40.5;1
296;41;1
296;42;1
296;42.5;0
296;43;0
296;44;0
296;44.5;0
296;45;0
296;45.5;0
296;46;0
297;39;0
297;40;1
297;40.5;0
297;41;0
297;42;0
297;42.5;0
297;43;0
297;44;0
297;44.5;0
297;45;0
297;45.5;0
297;46;0
298;39;1
298;40;0
298;40.5;0
298;41;0
298;42;0
298;42.5;0
298;43;0
298;44;0
298;44.5;0
298;45;0
298;45.5;0
298;46;0
299;40;1
299;40.5;0
299;41;0
299;42;0
299;42.5;0
299;43;0
299;44;0
299;44.5;0
299;45;0
299;45.5;0
299;46;0
300;39;0
300;40;1
300;40.5;1
300;41;1
300;42;1
300;42.5;1
300;43;1
300;44;0
300;44.5;0
300;45;0
300;45.5;0
300;46;0
300;47;0
301;39;1
301;40;1
301;40.5;0
301;41;0
301;42;0
301;42.5;0
301;43;0
301;44;0
301;44.5;0
301;45;0
301;45.5;0
301;46;0
301;47;0
302;39 1/3;1
302;40;1
302;40 2/3;1
302;41 1/3;0
302;42;0
302;42 2/3;0
302;43 1/3;0
302;44;0
302;44 2/3;0
302;45 1/3;0
302;46;0
302;46 2/3;0
303;39 1/3;0
303;40;1
303;40 2/3;1
303;41 1/3;0
303;42;0
303;42 2/3;0
303;43 1/3;0
303;44;0
303;44 2/3;0
303;45 1/3;0
303;46;0
303;46 2/3;0
304;39 1/3;1
304;40;1
304;40 2/3;1
304;41 1/3;0
304;42;0
304;42 2/3;0
304;43 1/3;0
304;44;0
304;44 2/3;0
304;45 1/3;0
304;46;0
304;46 2/3;0
305;39 1/3;0
305;40;1
305;40 2/3;0
305;41 1/3;0
305;42;0
305;42 2/3;0
305;43 1/3;0
305;44;0
305;44 2/3;0
305;45 1/3;0
305;46;0
305;46 2/3;0
306;39 1/3;1
306;40;0
306;40 2/3;1
306;41 1/3;0
306;42;0
306;42 2/3;0
306;43 1/3;0
306;44;0
306;44 2/3;0
306;45 1/3;1
306;46;0
306;46 2/3;0
307;39 1/3;1
307;40;0
307;40 2/3;1
307;41 1/3;0
307;42;0
307;42 2/3;0
307;43 1/3;0
307;44;0
307;44 2/3;0
307;45 1/3;0
307;46;0
307;46 2/3;0
308;39 1/3;0
308;40;1
308;40 2/3;0
308;41 1/3;0
308;42;0
308;42 2/3;0
308;43 1/3;0
308;44;0
308;44 2/3;0
308;45 1/3;0
308;46;0
308;46 2/3;0
308;47 1/3;0
308;48;0
309;39 1/3;1
309;40;0
309;40 2/3;0
309;41 1/3;0
309;42;0
309;42 2/3;0
309;43 1/3;0
309;44;0
309;44 2/3;0
309;45 1/3;0
309;46;0
309;46 2/3;0
309;47 1/3;0
310;39 1/3;0
310;40;1
310;40 2/3;0
310;41 1/3;0
310;42;1
310;42 2/3;1
310;43 1/3;0
310;44;0
310;44 2/3;0
310;45 1/3;1
310;46;0
311;39 1/3;1
311;40;1
311;40 2/3;0
311;41 1/3;1
311;42;0
311;42 2/3;0
311;43 1/3;0
311;44;0
311;44 2/3;0
311;45 1/3;0
311;46;0
312;39 1/3;0
312;40;1
312;40 2/3;0
312;41 1/3;0
312;42;0
312;42 2/3;0
312;43 1/3;0
312;44;0
312;44 2/3;0
312;45 1/3;0
312;46;0
313;39 1/3;1
313;40;1
313;40 2/3;0
313;41 1/3;0
313;42;0
313;42 2/3;0
313;43 1/3;0
313;44;0
313;44 2/3;0
313;45 1/3;0
313;46;0
313;46 2/3;0
313;47 1/3;0
314;39 1/3;1
314;40;1
314;40 2/3;1
314;41 1/3;1
314;42;1
314;42 2/3;0
314;43 1/3;0
314;44;0
314;44 2/3;0
314;45 1/3;0
314;46;0
315;39 1/3;1
315;40;1
315;40 2/3;1
315;41 1/3;1
315;42;1
315;42 2/3;0
315;43 1/3;0
315;44;0
315;44 2/3;0
315;45 1/3;0
315;46;0
316;39;0
316;40;1
316;40.5;0
316;41;0
316;42;0
316;42.5;0
316;43;0
316;44;0
316;44.5;0
316;45;0
316;45.5;0
317;39 1/3;1
317;40;1
317;40 2/3;1
317;41 1/3;1
317;42;1
317;42 2/3;1
317;43 1/3;1
317;44;1
317;44 2/3;1
317;45 1/3;1
317;46;1
318;38;0
318;38.5;0
318;39;1
318;40;0
318;40.5;1
318;41;1
318;42;1
318;42.5;1
318;43;0
318;44;0
318;44.5;0
318;45;0
318;46;0
319;38;0
319;38.5;0
319;39;0
319;40;0
319;40.5;0
319;41;1
319;42;1
319;42.5;0
319;43;1
319;44;1
319;44.5;1
319;45;1
319;46;1
320;38;0
320;38.5;0
320;39;1
320;40;1
320;40.5;1
320;41;1
320;42;1
320;42.5;1
320;43;1
320;44;1
320;44.5;1
320;45;1
320;46;1
321;35.5;0
321;36;0
321;37;0
321;37.5;0
321;38;0
321;38.5;0
321;39;0
321;40;1
321;40.5;0
321;41;0
321;42;0
321;42.5;0
321;43;0
321;44;0
321;44.5;0
321;45;0
321;46;0
321;46.5;0
321;47;0
321;48.5;0
322;39;1
322;40;1
322;40.5;1
322;41;1
322;42;1
322;42.5;1
322;43;1
322;44;0
322;44.5;1
322;45;1
322;46;1
322;46.5;0
322;47;0
322;48.5;0
323;39;0
323;40;1
323;40.5;1
323;41;1
323;42;0
323;42.5;0
323;43;0
323;44;0
323;44.5;0
323;45;0
323;46;0
323;46.5;0
323;47;0
323;48.5;0
324;35.5;0
324;36;0
324;37;0
324;37.5;0
324;38;0
324;38.5;0
324;39;1
324;40;1
324;40.5;1
324;41;1
324;42;1
324;42.5;1
324;43;1
324;44;1
324;44.5;1
324;45;1
324;46;1
324;46.5;0
324;47;0
324;48;0
325;35.5;0
325;36;0
325;37;0
325;37.5;0
325;38;0
325;38.5;0
325;39;0
325;40;0
325;40.5;0
325;41;0
325;42;0
325;42.5;0
325;43;0
325;44;0
325;44.5;0
325;45;0
325;46;0
325;46.5;1
325;47;0
325;48.5;0
326;35.5;0
326;36;0
326;37;0
326;37.5;0
326;38;0
326;38.5;0
326;39;1
326;40;1
326;40.5;0
326;41;0
326;42;0
326;42.5;0
326;43;0
326;44;0
326;44.5;0
326;45;0
326;46;0
326;46.5;0
326;47;0
326;48.5;0
327;35.5;0
327;36;0
327;37;0
327;37.5;0
327;38;0
327;38.5;0
327;39;1
327;40;1
327;40.5;0
327;41;0
327;42;0
327;42.5;0
327;43;0
327;44;0
327;44.5;0
327;45;0
327;46;0
327;46.5;0
327;47;0
327;48.5;0
328;35.5;0
328;36;0
328;37;0
328;37.5;0
328;38;0
328;38.5;0
328;39;0
328;40;0
328;40.5;0
328;41;0
328;42;0
328;42.5;0
328;43;0
328;44;0
328;44.5;0
328;45;0
328;46;1
328;46.5;0
328;47;0
328;48.5;0
329;39;1
329;40;1
329;40.5;1
329;41;1
329;42;1
329;42.5;1
329;43;0
329;44;0
329;44.5;0
329;45;0
329;46;0
329;46.5;0
329;47;0
330;35.5;0
330;36;0
330;37;0
330;37.5;0
330;38;0
330;38.5;0
330;39;1
330;40;1
330;40.5;1
330;41;1
330;42;1
330;42.5;1
330;43;1
330;44;1
330;44.5;1
330;45;1
330;46;1
330;46.5;0
330;47;0
330;48.5;0
331;40.5;0
331;41.5;0
331;42;0
331;42.5;1
331;43;0
331;44;1
331;44.5;1
331;45;1
331;45.5;1
331;46.5;1
332;40;1
332;40.5;1
332;41.5;1
332;42;1
332;42.5;0
332;43;1
332;44;1
332;44.5;0
332;45;0
332;45.5;1
333;41.5;1
333;42;1
333;42.5;1
333;43;1
333;44;1
333;44.5;0
333;45;0
333;45.5;0
334;41.5;1
334;42;1
334;42.5;1
334;43;1
334;44;0
334;44.5;0
334;45;0
334;45.5;0
335;41.5;1
335;42;1
335;42.5;1
335;43;1
335;44;1
335;44.5;0
335;45;1
335;45.5;0
336;40;1
336;40.5;1
336;41.5;1
336;42;1
336;42.5;1
336;43;1
336;44;1
336;44.5;1
336;45;0
336;45.5;1
337;41.5;1
337;42;1
337;42.5;1
337;43;1
337;44;1
337;44.5;0
337;45;1
337;45.5;1
338;39;0
338;40;1
338;40.5;0
338;41;0
338;42;1
338;42.5;0
338;43;0
338;44;0
338;44.5;0
338;45;0
338;46;0
339;39;1
339;40;1
339;40.5;1
339;41;0
339;42;0
339;42.5;0
339;43;0
339;44;0
339;44.5;0
339;45;0
339;46;0
340;39;1
340;40;1
340;40.5;1
340;41;1
340;42;1
340;42.5;1
340;43;0
340;44;1
340;44.5;1
340;45;1
340;45.5;1
341;39;1
341;40;0
341;40.5;0
341;41;0
341;42;0
341;42.5;0
341;43;0
341;44;0
341;44.5;0
341;45;1
341;45.5;1
342;39;1
342;40;0
342;40.5;0
342;41;0
342;42;0
342;42.5;0
342;43;0
342;44;1
342;44.5;1
342;45;1
342;45.5;1
343;39;0
343;40;0
343;40.5;0
343;41;1
343;42;0
343;42.5;0
343;43;0
343;44;0
343;44.5;0
343;45;0
343;45.5;0
344;39;1
344;40;0
344;40.5;0
344;41;0
344;42;0
344;42.5;0
344;43;0
344;44;0
344;44.5;1
344;45;0
344;46;1
344;47;0
345;39;1
345;40;1
345;40.5;1
345;41;0
345;42;1
345;42.5;0
345;43;0
345;44;0
345;44.5;0
345;45;0
345;46;0
345;47;0
346;39;1
346;40;0
346;40.5;0
346;41;0
346;42;0
346;42.5;0
346;43;0
346;44;0
346;44.5;0
346;45;1
346;46;1
347;39;1
347;40;1
347;40.5;1
347;41;1
347;42;1
347;42.5;1
347;43;1
347;44;1
347;44.5;1
347;45;1
347;46;1
348;39 1/3;1
348;40;0
348;40 2/3;1
348;41 1/3;0
348;42;0
348;42 2/3;0
348;43 1/3;0
348;44;0
348;44 2/3;0
348;45 1/3;0
348;46;0
348;46 2/3;0
348;47 1/3;0
348;48;0
348;48 2/3;0
349;39;1
349;40;1
349;40.5;1
349;41;0
349;42;0
349;42.5;0
349;43;0
349;44;0
349;44.5;0
349;45;0
349;45.5;0
349;46;0
350;39;0
350;40;0
350;40.5;1
350;41;0
350;42;0
350;42.5;0
350;43;0
350;44;0
350;44.5;0
350;45;0
350;45.5;0
350;46;0
351;39 1/3;0
351;40;1
351;40 2/3;0
351;41 1/3;0
351;42;0
351;42 2/3;0
351;43 1/3;0
351;44;0
351;44 2/3;0
351;45 1/3;0
351;46;0
352;39 1/3;0
352;40;0
352;40 2/3;1
352;41 1/3;0
352;42;0
352;42 2/3;0
352;43 1/3;0
352;44;0
352;44 2/3;0
352;45 1/3;0
352;46;0
352;46 2/3;0
352;47 1/3;0
352;48;0
353;39 1/3;1
353;40;1
353;40 2/3;1
353;41 1/3;1
353;42;1
353;42 2/3;0
353;43 1/3;0
353;44;0
353;44 2/3;0
353;45 1/3;0
353;46;0
353;46 2/3;0
353;47 1/3;0
354;39 1/3;1
354;40;1
354;40 2/3;1
354;41 1/3;1
354;42;0
354;42 2/3;0
354;43 1/3;0
354;44;0
354;44 2/3;0
354;45 1/3;0
354;46;0
355;39 1/3;1
355;40;1
355;40 2/3;1
355;41 1/3;1
355;42;1
355;42 2/3;0
355;43 1/3;0
355;44;0
355;44 2/3;0
355;45 1/3;0
355;46;0
355;46 2/3;0
356;39 1/3;1
356;40;1
356;40 2/3;1
356;41 1/3;0
356;42;0
356;42 2/3;0
356;43 1/3;0
356;44;0
356;44 2/3;0
356;45 1/3;0
356;46;0
356;46 2/3;0
357;39 1/3;1
357;40;1
357;40 2/3;1
357;41 1/3;0
357;42;0
357;42 2/3;0
357;43 1/3;0
357;44;0
357;44 2/3;0
357;45 1/3;0
357;46;0
357;46 2/3;0
357;47 1/3;0
357;48;0
358;39 1/3;0
358;40;1
358;40 2/3;0
358;41 1/3;0
358;42;0
358;42 2/3;0
358;43 1/3;0
358;44;0
358;44 2/3;0
358;45 1/3;0
358;46;0
358;46 2/3;0
358;47 1/3;0
359;39 1/3;1
359;40;1
359;40 2/3;1
359;41 1/3;1
359;42;1
359;42 2/3;0
359;43 1/3;0
359;44;0
359;44 2/3;0
359;45 1/3;0
359;46;0
359;46 2/3;0
359;47 1/3;0
360;39;0
360;40;1
360;40.5;1
360;41;1
360;42;0
360;42.5;0
360;43;0
360;44;0
360;44.5;1
360;45;0
360;46;1
360;46.5;0
360;47;0
361;39;1
361;40;0
361;40.5;1
361;41;0
361;42;0
361;42.5;0
361;43;0
361;44;0
361;44.5;0
361;45;0
361;46;0
361;46.5;0
362;39;1
362;40;1
362;40.5;1
362;41;0
362;42;1
362;42.5;0
362;43;0
362;44;0
362;44.5;1
362;45;0
362;46;1
362;46.5;0
362;47;1
363;39;1
363;40;1
363;40.5;1
363;41;0
363;42;0
363;42.5;1
363;43;0
363;44;0
363;44.5;1
363;45;1
363;46;0
364;39;1
364;40;1
364;40.5;1
364;41;1
364;42;0
364;42.5;0
364;43;0
364;44;0
364;44.5;0
364;45;0
364;46;1
364;47;1
365;39;0
365;40;0
365;40.5;0
365;41;0
365;42;0
365;42.5;0
365;43;0
365;44;1
365;44.5;0
365;45;0
365;46;0
366;39;1
366;40;1
366;40.5;1
366;41;0
366;42;0
366;42.5;1
366;43;0
366;44;0
366;44.5;0
366;45;0
366;46;0
367;39;1
367;40;1
367;40.5;1
367;41;0
367;42;0
367;42.5;0
367;43;0
367;44;0
367;44.5;0
367;45;0
367;46;1
367;46.5;0
367;47;0
368;39;0
368;40;1
368;40.5;1
368;41;1
368;42;1
368;42.5;1
368;43;0
368;44;1
368;44.5;1
368;45;1
368;46;1
369;39;1
369;40;1
369;40.5;1
369;41;1
369;42;0
369;42.5;0
369;43;0
369;44;0
369;44.5;0
369;45;0
369;46;0
370;39;1
370;40;1
370;40.5;1
370;41;0
370;42;0
370;42.5;1
370;43;0
370;44;0
370;44.5;0
370;45;1
370;46;0
370;46.5;0
371;40;1
371;40.5;0
371;41.5;1
371;42;0
371;42.5;0
371;43;1
371;44;0
371;44.5;0
371;45;0
371;45.5;0
371;46.5;0
372;39;1
372;40;0
372;40.5;0
372;41;0
372;42;0
372;42.5;0
372;43;0
372;44;0
372;44.5;0
372;45;0
372;46;0
372;47;0
373;40;1
373;40.5;0
373;41;0
373;42;0
373;42.5;0
373;43;0
373;44;0
373;44.5;0
373;45;0
373;46;0
374;39;1
374;40;1
374;40.5;0
374;41;0
374;42;0
374;42.5;0
374;43;0
374;44;0
374;44.5;0
374;45;1
374;46;1
374;47;0
375;39;1
375;40;1
375;40.5;1
375;41;0
375;42;0
375;42.5;0
375;43;0
375;44;0
375;44.5;0
375;45;0
375;46;0
375;47;0
376;39;1
376;40;0
376;40.5;0
376;41;0
376;42;0
376;42.5;0
376;43;0
376;44;0
376;44.5;0
376;45;0
376;46;0
377;39;1
377;40;0
377;40.5;0
377;41;0
377;42;0
377;42.5;0
377;43;0
377;44;0
377;44.5;0
377;45;0
377;46;1
377;47;0
378;38.5;1
378;39;0
378;40;1
378;40.5;1
378;41;0
378;42;0
378;42.5;0
378;43;0
378;44;0
378;44.5;0
378;45;0
378;45.5;0
378;46;0
379;39;1
379;40;1
379;40.5;1
379;41;0
379;42;0
379;42.5;0
379;43;0
379;44;0
379;44.5;0
379;45;0
379;45.5;0
379;46;0
379;47;0
380;39 1/3;0
380;40;0
380;40 2/3;0
380;41 1/3;0
380;42;0
380;42 2/3;0
380;43 1/3;0
380;44;0
380;44 2/3;0
380;45 1/3;0
380;46;0
380;46 2/3;0
380;47 1/3;1
381;39 1/3;1
381;40;1
381;40 2/3;1
381;41 1/3;0
381;42;0
381;42 2/3;0
381;43 1/3;0
381;44;0
381;44 2/3;0
381;45 1/3;0
381;46;0
382;39 1/3;1
382;40;1
382;40 2/3;1
382;41 1/3;1
382;42;0
382;42 2/3;1
382;43 1/3;0
382;44;0
382;44 2/3;0
382;45 1/3;0
382;46;0
382;46 2/3;0
383;39 1/3;1
383;40;0
383;40 2/3;0
383;41 1/3;0
383;42;0
383;42 2/3;0
383;43 1/3;0
383;44;0
383;44 2/3;0
383;45 1/3;0
383;46;0
384;39 1/3;1
384;40;1
384;40 2/3;0
384;41 1/3;1
384;42;1
384;42 2/3;0
384;43 1/3;0
384;44;0
384;44 2/3;0
384;45 1/3;0
384;46;0
384;46 2/3;0
384;47 1/3;0
385;39 1/3;1
385;40;1
385;40 2/3;0
385;41 1/3;1
385;42;1
385;42 2/3;0
385;43 1/3;0
385;44;0
385;44 2/3;0
385;45 1/3;0
385;46;0
385;46 2/3;0
385;47 1/3;0
386;39 1/3;1
386;40;1
386;40 2/3;1
386;41 1/3;0
386;42;0
386;42 2/3;0
386;43 1/3;0
386;44;0
386;44 2/3;0
386;45 1/3;0
386;46;0
386;46 2/3;0
387;39 1/3;1
387;40;0
387;40 2/3;0
387;41 1/3;0
387;42;0
387;42 2/3;0
387;43 1/3;0
387;44;0
387;44 2/3;0
387;45 1/3;0
387;46;0
387;46 2/3;0
388;39 1/3;1
388;40;1
388;40 2/3;0
388;41 1/3;0
388;42;0
388;42 2/3;0
388;43 1/3;0
388;44;0
388;44 2/3;0
388;45 1/3;0
388;46;0
389;39 1/3;1
389;40;1
389;40 2/3;1
389;41 1/3;0
389;42;0
389;42 2/3;0
389;43 1/3;0
389;44;0
389;44 2/3;0
389;45 1/3;0
389;46;0
389;46 2/3;0
389;47 1/3;0
390;39 1/3;1
390;40;0
390;40 2/3;0
390;41 1/3;0
390;42;0
390;42 2/3;0
390;43 1/3;0
390;44;0
390;44 2/3;0
390;45 1/3;0
390;46;0
390;46 2/3;0
390;47 1/3;0
391;39 1/3;0
391;40;1
391;40 2/3;0
391;41 1/3;0
391;42;0
391;42 2/3;0
391;43 1/3;0
391;44;0
391;44 2/3;0
391;45 1/3;0
391;46;0
392;39;1
392;40;0
392;40.5;1
392;41;0
392;42;0
392;42.5;0
392;43;0
392;44;0
392;44.5;0
392;45;0
392;45.5;0
392;46;0
392;47;0
392;47.5;0
393;39;1
393;40;1
393;40.5;1
393;41;1
393;42;1
393;42.5;0
393;43;0
393;44;0
393;44.5;0
393;45;0
393;45.5;0
393;46;0
393;47;0
393;47.5;0
394;39;0
394;40;0
394;40.5;1
394;41;1
394;42;1
394;42.5;1
394;43;1
394;44;1
394;44.5;1
394;45;0
394;46;0
395;39;0
395;40;1
395;40.5;0
395;41;0
395;42;0
395;42.5;0
395;43;0
395;44;0
395;44.5;0
395;45;0
395;46;0
396;39;1
396;40;1
396;40.5;1
396;41;0
396;42;1
396;42.5;1
396;43;0
396;44;0
396;44.5;1
396;45;1
396;46;1
396;46.5;1
397;39;1
397;40;0
397;40.5;0
397;41;0
397;42;0
397;42.5;0
397;43;0
397;44;0
397;44.5;1
397;45;0
397;46;0
397;46.5;0
397;47;0
398;39;1
398;40;1
398;40.5;1
398;41;0
398;42;0
398;42.5;0
398;43;0
398;44;0
398;44.5;0
398;45;0
398;46;0
398;46.5;0
398;47;0
399;39;1
399;40;1
399;40.5;0
399;41;0
399;42;0
399;42.5;0
399;43;0
399;44;0
399;44.5;0
399;45;0
399;46;0
399;47;0
400;39;1
400;40;1
400;40.5;0
400;41;0
400;42;0
400;42.5;0
400;43;0
400;44;0
400;44.5;0
400;45;0
400;46;0
400;46.5;0
401;39;0
401;40;0
401;40.5;0
401;41;0
401;42;0
401;42.5;0
401;43;0
401;44;0
401;44.5;1
401;45;1
401;46;0
402;39;1
402;40;0
402;40.5;0
402;41;0
402;42;0
402;42.5;1
402;43;0
402;44;0
402;44.5;1
402;45;1
402;46;1
402;46.5;1
403;39;0
403;40;0
403;40.5;0
403;41;0
403;42;0
403;42.5;0
403;43;0
403;44;0
403;44.5;1
403;45;1
403;46;1
404;39;1
404;40;1
404;40.5;0
404;41;0
404;42;0
404;42.5;0
404;43;0
404;44;0
404;44.5;0
404;45;0
404;46;0
404;46.5;0
405;40;1
405;40.5;0
405;41.5;0
405;42;0
405;42.5;0
405;43;0
405;44;0
405;44.5;0
405;45;0
405;45.5;0
405;46.5;0
406;40.5;1
406;41.5;1
406;42;1
406;42.5;0
406;43;0
406;44;0
406;44.5;0
406;45;0
406;45.5;0
407;40;1
407;40.5;0
407;41.5;0
407;42;0
407;42.5;0
407;43;0
407;44;0
407;44.5;0
407;45;0
407;45.5;0
407;46.5;0
408;40;1
408;40.5;1
408;41.5;1
408;42;1
408;42.5;1
408;43;0
408;44;0
408;44.5;0
408;45;0
408;45.5;0
409;40;1
409;40.5;1
409;41.5;1
409;42;0
409;42.5;1
409;43;0
409;44;0
409;44.5;0
409;45;0
409;45.5;0
410;39.5;1
410;40;1
410;40.5;1
410;41.5;0
410;42;0
410;42.5;0
410;43;0
410;44;0
410;44.5;0
410;45;0
410;45.5;0
410;46.5;0
411;40;1
411;40.5;1
411;41.5;1
411;42;1
411;42.5;0
411;43;0
411;44;0
411;44.5;0
411;45;0
411;45.5;0
412;39.5;1
412;40;0
412;40.5;0
412;41.5;0
412;42;0
412;42.5;0
412;43;0
412;44;0
412;44.5;0
412;45;0
412;45.5;0
412;46.5;0
413;39;0
413;40;0
413;42.5;0
413;43;0
413;44;0
413;44.5;0
413;45;1
413;46;0
414;39 1/3;0
414;40;1
414;40 2/3;1
414;41 1/3;1
414;42;0
414;42 2/3;0
414;43 1/3;0
414;44;0
414;44 2/3;0
414;45 1/3;0
414;46;0
414;46 2/3;0
414;47 1/3;0
415;39 1/3;1
415;40;1
415;40 2/3;1
415;41 1/3;0
415;42;0
415;42 2/3;0
415;43 1/3;0
415;44;0
415;44 2/3;0
415;45 1/3;0
415;46;0
415;46 2/3;0
415;47 1/3;0
416;39 1/3;1
416;40;0
416;40 2/3;0
416;41 1/3;0
416;42;0
416;42 2/3;0
416;43 1/3;0
416;44;0
416;44 2/3;0
416;45 1/3;0
416;46;0
416;46 2/3;0
416;47 1/3;0
417;39;1
417;40;1
417;40.5;1
417;41;1
417;42;1
417;42.5;1
417;43;0
417;44;1
417;44.5;0
417;45;0
417;46;0
417;46.5;0
417;47;0
418;35.5;0
418;36;0
418;37;0
418;37.5;0
418;38;0
418;38.5;0
418;39;1
418;40;1
418;40.5;1
418;41;1
418;42;1
418;42.5;1
418;43;1
418;44;1
418;44.5;1
418;45;1
418;46;1
418;46.5;0
418;47;0
418;48.5;0
419;39;1
419;40;1
419;40.5;1
419;41;0
419;42;0
419;42.5;0
419;43;0
419;44;0
419;44.5;0
419;45;0
419;46;0
419;46.5;0
419;47;0
420;39;0
420;40;1
420;40.5;1
420;41;1
420;42;0
420;42.5;0
420;43;0
420;44;0
420;44.5;0
420;45;0
420;46;0
420;46.5;1
420;47;0
420;48.5;0
421;39;1
421;40;1
421;40.5;0
421;41;0
421;42;0
421;42.5;0
421;43;0
421;44;0
421;44.5;0
421;45;0
421;46;0
421;46.5;0
421;47;0
421;48.5;0
422;39;1
422;40;1
422;40.5;0
422;41;0
422;42;0
422;42.5;0
422;43;0
422;44;0
422;44.5;0
422;45;0
422;46;0
422;46.5;0
422;47;0
423;39 1/3;1
423;40;1
423;40 2/3;1
423;41 1/3;0
423;42;1
423;42 2/3;0
423;43 1/3;0
423;44;0
423;44 2/3;0
423;45 1/3;0
423;46;0
423;46 2/3;0
423;47 1/3;0
424;39 1/3;1
424;40;1
424;40 2/3;1
424;41 1/3;1
424;42;1
424;42 2/3;0
424;43 1/3;0
424;44;0
424;44 2/3;0
424;45 1/3;0
424;46;0
424;46 2/3;0
424;47 1/3;0
425;39 1/3;1
425;40;0
425;40 2/3;0
425;41 1/3;0
425;42;0
425;42 2/3;0
425;43 1/3;0
425;44;0
425;44 2/3;0
425;45 1/3;0
425;46;0
425;46 2/3;0
425;47 1/3;0
426;39 1/3;0
426;40;1
426;40 2/3;0
426;41 1/3;0
426;42;0
426;42 2/3;0
426;43 1/3;0
426;44;0
426;44 2/3;0
426;45 1/3;0
426;46;0
426;46 2/3;0
426;47 1/3;0
427;39;0
427;40;0
427;40.5;0
427;41;0
427;42;0
427;42.5;1
427;43;0
427;44;0
427;44.5;0
427;45;0
427;45.5;0
427;46;0
428;39 1/3;1
428;40;0
428;40 2/3;1
428;41 1/3;0
428;42;0
428;42 2/3;0
428;43 1/3;0
428;44;0
428;44 2/3;0
428;45 1/3;0
428;46;0
428;46 2/3;0
429;39 1/3;1
429;40;1
429;40 2/3;0
429;41 1/3;1
429;42;0
429;42 2/3;0
429;43 1/3;0
429;44;0
429;44 2/3;0
429;45 1/3;0
429;46;0
429;46 2/3;0
429;47 1/3;0
430;40.5;1
430;41;0
430;42;1
430;42.5;0
430;43;1
430;44;0
430;44.5;1
430;45;0
430;46;1
430;46.5;1
430;47;0
431;39;1
431;40;1
431;40.5;1
431;41;0
431;42;0
431;42.5;0
431;43;0
431;44;0
431;44.5;0
431;45;0
431;46;0
432;39;1
432;40;1
432;40.5;1
432;41;0
432;42;0
432;42.5;0
432;43;0
432;44;0
432;44.5;0
432;45;0
432;46;0
432;46.5;0
432;47;0
433;39;1
433;40;1
433;40.5;1
433;41;0
433;42;0
433;42.5;0
433;43;0
433;44;0
433;44.5;0
433;45;0
433;46;0
433;46.5;0
433;47;0
434;39;1
434;40;1
434;40.5;1
434;41;0
434;42;0
434;42.5;1
434;43;0
434;44;0
434;44.5;0
434;45;1
434;46;0
434;46.5;0
435;39;0
435;40;1
435;40.5;1
435;41;0
435;42;0
435;42.5;0
435;43;0
435;44;1
435;44.5;1
435;45;1
435;46;0
436;40;1
436;40.5;1
436;41.5;0
436;42;0
436;42.5;0
436;43;0
436;44;0
436;44.5;0
436;45;0
436;45.5;0
437;40.5;1
437;41.5;1
437;42;1
437;42.5;0
437;43;0
437;44;0
437;44.5;0
437;45;0
437;45.5;0
437;47;0
438;40;1
438;40.5;1
438;41.5;1
438;42;0
438;42.5;0
438;43;0
438;44;0
438;44.5;0
438;45;0
438;45.5;0
438;46.5;0
439;40;1
439;40.5;1
439;41.5;1
439;42;1
439;42.5;1
439;43;0
439;44;0
439;44.5;0
439;45;0
439;45.5;0
440;40;1
440;40 2/3;0
440;41 1/3;0
440;42;0
440;42 2/3;0
440;43 1/3;0
440;44;0
440;44 2/3;0
440;45 1/3;0
441;39;0
441;40;0
441;40.5;0
441;41;0
441;42;0
441;42.5;0
441;43;0
441;44;0
441;44.5;0
441;45;1
441;46;0
441;47;0
442;39 1/3;1
442;40;1
442;40 2/3;1
442;41 1/3;0
442;42;0
442;42 2/3;0
442;43 1/3;0
442;44;0
442;44 2/3;0
442;45 1/3;0
442;46;0
442;46 2/3;0
442;47 1/3;0
443;40;1
443;40.5;1
443;41.5;1
443;42;0
443;42.5;0
443;43;0
443;44;0
443;44.5;0
443;45;0
443;45.5;0
443;46.5;0
444;39;0
444;40;0
444;40.5;0
444;41;1
444;42;0
444;42.5;0
444;43;0
444;44;0
444;44.5;0
444;45;0
444;45.5;0
444;46;0
444;47;0
445;36;1
445;36 2/3;1
445;37 1/3;1
445;38;1
445;38 2/3;1
445;39 1/3;1
445;40;1
445;40 2/3;1
445;41 1/3;1
445;42;1
445;42 2/3;1
445;43 1/3;1
445;44;1
445;44 2/3;1
445;45 1/3;1
445;46;1
445;46 2/3;1
445;47 1/3;1
445;48;1
445;48 2/3;1
445;49 1/3;0
445;50;1
445;50 2/3;1
445;51 1/3;0
446;39 1/3;1
446;40;1
446;40 2/3;1
446;41 1/3;1
446;42;1
446;42 2/3;1
446;43 1/3;1
446;44;1
446;44 2/3;1
446;45 1/3;1
446;46;1
446;46 2/3;1
446;47 1/3;0
446;48;0
446;48 2/3;0
447;36;1
447;36 2/3;1
447;37 1/3;1
447;38;0
447;38 2/3;0
447;39 1/3;1
447;40;1
447;40 2/3;1
447;41 1/3;1
447;42;1
447;42 2/3;1
447;43 1/3;1
447;44;1
447;44 2/3;1
447;45 1/3;1
447;46;1
447;46 2/3;1
447;47 1/3;1
447;48;1
447;48 2/3;1
448;36;1
448;36 2/3;1
448;37 1/3;1
448;38;1
448;38 2/3;1
448;39 1/3;1
448;40;1
448;40 2/3;1
448;41 1/3;1
448;42;1
448;42 2/3;1
448;43 1/3;1
448;44;1
448;44 2/3;1
448;45 1/3;1
448;46;1
448;46 2/3;1
448;47 1/3;1
448;48;1
448;48 2/3;0
449;36;1
449;36 2/3;1
449;37 1/3;0
449;38;0
449;38 2/3;1
449;39 1/3;1
449;40;1
449;40 2/3;1
449;41 1/3;1
449;42;1
449;42 2/3;1
449;43 1/3;1
449;44;1
449;44 2/3;1
449;45 1/3;0
449;46;1
449;46 2/3;0
449;47 1/3;1
449;48;0
449;48 2/3;0
450;39;0
450;40;0
450;40.5;0
450;41;0
450;42;0
450;42.5;0
450;43;0
450;44;0
450;44.5;0
450;45;0
450;46;0
450;46.5;0
450;47;1
450;48.5;0
451;39;1
451;40;1
451;40.5;1
451;41;1
451;42;0
451;42.5;0
451;43;0
451;44;0
451;44.5;0
451;45;0
451;46;0
451;46.5;0
451;47;0
451;48.5;0
452;5;1
453;5;1
454;4;1
455;5;1
456;5;1
457;5;1
458;5;1
459;5;1
460;5;1
461;5;1
462;5;1
463;5;1
464;5;1
465;5;1
466;5;1
467;5;1
468;5;1
469;5;1
470;5;1
471;5;1
472;5;1
473;5;1
474;5;1
475;5;1
476;5;1
477;5;1
478;4;1
479;5;1
480;5;1
481;5;1
482;5;1
483;5;1
